<?xml version="1.0" encoding="UTF-8"?>
<DATA>
	<Element Name="MpRecipe.Header" Type="HeaderData">
		<Property ID="Name" DataType="STRING" Value="LPG_TagsFile" />
		<Property ID="Description" DataType="STRING" Value="Module serial number: FM 22 M 0092" />
		<Property ID="Version" DataType="STRING" Value="SW: V00.00.26" />
		<Property ID="Created" DataType="UDINT" Value="1699230997" />
		<Property ID="CreatedReadable" DataType="STRING" Value="2023-11-06 00:36:37" />
	</Element>
	<Element Name="LPG:TagText" Type="PvParameter">
		<Group ID="LPG:TagText">
			<Property ID="TagDPIT1001A" DataType="STRING" Value="DPIT1001A" />
			<Property ID="TagDPIT1001B" DataType="STRING" Value="DPIT1001B" />
			<Property ID="TagDPIT1003" DataType="STRING" Value="DPIT1003" />
			<Property ID="TagPIT1001A" DataType="STRING" Value="PIT1001A" />
			<Property ID="TagPIT1001B" DataType="STRING" Value="PIT1001B" />
			<Property ID="TagPIT1002" DataType="STRING" Value="PIT1002" />
			<Property ID="TagPIT1003" DataType="STRING" Value="PIT1003" />
			<Property ID="TagPIT9001" DataType="STRING" Value="PIT9001" />
			<Property ID="TagFV1001A" DataType="STRING" Value="FV1001A" />
			<Property ID="TagFV1001B" DataType="STRING" Value="FV1001B" />
			<Property ID="TagTIT1001A" DataType="STRING" Value="TIT1001A" />
			<Property ID="TagTIT1001B" DataType="STRING" Value="TIT1001B" />
			<Property ID="TagFIT1002A" DataType="STRING" Value="FIT1002A" />
			<Property ID="TagFIT1002B" DataType="STRING" Value="FIT1002B" />
			<Property ID="TagP1001A" DataType="STRING" Value="P1001A" />
			<Property ID="TagP1001B" DataType="STRING" Value="P1001B" />
			<Property ID="TagFIC1002" DataType="STRING" Value="FIC1002" />
			<Property ID="TagPIC1003" DataType="STRING" Value="PIC1003" />
			<Property ID="TagF1001A" DataType="STRING" Value="F1001A" />
			<Property ID="TagF1001B" DataType="STRING" Value="F1001B" />
			<Property ID="TagFuelTankReady" DataType="STRING" Value="Fuel tank ready" />
			<Property ID="TagFuelTankAReady" DataType="STRING" Value="Fuel tank A ready" />
			<Property ID="TagFuelTankBReady" DataType="STRING" Value="Fuel tank B ready" />
			<Property ID="TagFuelTank" DataType="STRING" Value="FUEL TANK" />
			<Property ID="TagFuelTankA" DataType="STRING" Value="FUEL TANK A" />
			<Property ID="TagFuelTankB" DataType="STRING" Value="FUEL TANK B" />
			<Property ID="TagXV1001" DataType="STRING" Value="XV1001" />
			<Property ID="TagXV1101" DataType="STRING" Value="XV1101" />
			<Property ID="TagXV1102" DataType="STRING" Value="XV1102" />
			<Property ID="TagFV1101" DataType="STRING" Value="FV1101" />
			<Property ID="TagPV1001" DataType="STRING" Value="PV1001" />
			<Property ID="TagDPIT1004" DataType="STRING" Value="DPIT1004" />
			<Property ID="TagDPIT1102" DataType="STRING" Value="DPIT1102" />
			<Property ID="TagDPIT1103" DataType="STRING" Value="DPIT1103" />
			<Property ID="TagPIT1004" DataType="STRING" Value="PIT1004" />
			<Property ID="TagPIT1005" DataType="STRING" Value="PIT1005" />
			<Property ID="TagPIT1101" DataType="STRING" Value="PIT1101" />
			<Property ID="TagPIT1102" DataType="STRING" Value="PIT1102" />
			<Property ID="TagPIT1103" DataType="STRING" Value="PIT1103" />
			<Property ID="TagTIT1002" DataType="STRING" Value="TIT1002" />
			<Property ID="TagTIT1003" DataType="STRING" Value="TIT1003" />
			<Property ID="TagTIT1004" DataType="STRING" Value="TIT1004" />
			<Property ID="TagTIT1101" DataType="STRING" Value="TIT1101" />
			<Property ID="TagTIT1102" DataType="STRING" Value="TIT1102" />
			<Property ID="TagTIT4004" DataType="STRING" Value="TIT4004" />
			<Property ID="TagFIT1001" DataType="STRING" Value="FIT1001" />
			<Property ID="TagFIT1101" DataType="STRING" Value="FIT1101" />
			<Property ID="TagP1101A" DataType="STRING" Value="P1101A" />
			<Property ID="TagP1101B" DataType="STRING" Value="P1101B" />
			<Property ID="TagPIC1005" DataType="STRING" Value="PIC1005" />
			<Property ID="TagFIC1101" DataType="STRING" Value="FIC1101" />
			<Property ID="TagPIC1103" DataType="STRING" Value="PIC1103" />
			<Property ID="TagTIC1101" DataType="STRING" Value="TIC1101" />
			<Property ID="TagTIC4003" DataType="STRING" Value="TIC4003" />
			<Property ID="TagE1001" DataType="STRING" Value="E1001" />
			<Property ID="TagE1101" DataType="STRING" Value="E1101" />
			<Property ID="TagF1101" DataType="STRING" Value="F1101" />
			<Property ID="TagXC6001" DataType="STRING" Value="XC6001" />
			<Property ID="TagXC6002" DataType="STRING" Value="XC6002" />
			<Property ID="TagXC6003" DataType="STRING" Value="XC6003" />
			<Property ID="TagXC6053" DataType="STRING" Value="XC6053" />
			<Property ID="TagPT6017" DataType="STRING" Value="PT6017" />
			<Property ID="TagXC6005" DataType="STRING" Value="XC6005" />
			<Property ID="TagXC6028" DataType="STRING" Value="XC6028" />
			<Property ID="TagLIT1001" DataType="STRING" Value="LIT1001" />
			<Property ID="TagPV1002" DataType="STRING" Value="PV1002" />
			<Property ID="TagPV1003" DataType="STRING" Value="PV1003" />
			<Property ID="TagTIT1005" DataType="STRING" Value="TIT1005" />
			<Property ID="TagTIT1006" DataType="STRING" Value="TIT1006" />
			<Property ID="TagPIT1006" DataType="STRING" Value="PIT1006" />
			<Property ID="TagPIT1007" DataType="STRING" Value="PIT1007" />
			<Property ID="TagLS1001" DataType="STRING" Value="LS1001" />
			<Property ID="TagLS1002" DataType="STRING" Value="LS1002" />
			<Property ID="TagPIC10061" DataType="STRING" Value="PIC1006-1" />
			<Property ID="TagPIC10062" DataType="STRING" Value="PIC1006-2" />
			<Property ID="TagXV6001" DataType="STRING" Value="XV6001" />
			<Property ID="TagPV4001" DataType="STRING" Value="PV4001" />
			<Property ID="TagTV4001" DataType="STRING" Value="TV4001" />
			<Property ID="TagTV6001" DataType="STRING" Value="TV6001" />
			<Property ID="TagTIT4001" DataType="STRING" Value="TIT4001" />
			<Property ID="TagTIT4002" DataType="STRING" Value="TIT4002" />
			<Property ID="TagTIT4003" DataType="STRING" Value="TIT4003" />
			<Property ID="TagPIT4001" DataType="STRING" Value="PIT4001" />
			<Property ID="TagLS4001" DataType="STRING" Value="LS4001" />
			<Property ID="TagLS4002" DataType="STRING" Value="LS4002" />
			<Property ID="TagP4001A" DataType="STRING" Value="P4001A" />
			<Property ID="TagP4001B" DataType="STRING" Value="P4001B" />
			<Property ID="TagTIC40031" DataType="STRING" Value="TIC4003-1" />
			<Property ID="TagTIC40032" DataType="STRING" Value="TIC4003-2" />
			<Property ID="TagE3001" DataType="STRING" Value="E3001" />
			<Property ID="TagE6001" DataType="STRING" Value="E6001" />
			<Property ID="TagGlycolTank" DataType="STRING" Value="T401" />
			<Property ID="TagPIT70011A" DataType="STRING" Value="PIT7001-1A" />
			<Property ID="TagPIT70011B" DataType="STRING" Value="PIT7001-1B" />
			<Property ID="TagPIT70012A" DataType="STRING" Value="PIT7001-2A" />
			<Property ID="TagPIT70012B" DataType="STRING" Value="PIT7001-2B" />
			<Property ID="TagLS1003A" DataType="STRING" Value="LS1003A" />
			<Property ID="TagLS1003B" DataType="STRING" Value="LS1003B" />
			<Property ID="TagLS1004A" DataType="STRING" Value="LS1004A" />
			<Property ID="TagLS1004B" DataType="STRING" Value="LS1004B" />
			<Property ID="TagLS1005A" DataType="STRING" Value="LS1005A" />
			<Property ID="TagLS1005B" DataType="STRING" Value="LS1005B" />
			<Property ID="TagLS1006A" DataType="STRING" Value="LS1006A" />
			<Property ID="TagLS1006B" DataType="STRING" Value="LS1006B" />
			<Property ID="TagXV1002A" DataType="STRING" Value="XV1002A" />
			<Property ID="TagXV1002B" DataType="STRING" Value="XV1002B" />
			<Property ID="TagXV1003A" DataType="STRING" Value="XV1003A" />
			<Property ID="TagXV1003B" DataType="STRING" Value="XV1003B" />
			<Property ID="TagXV1004A" DataType="STRING" Value="XV1004A" />
			<Property ID="TagXV1004B" DataType="STRING" Value="XV1004B" />
			<Property ID="TagZS4001CL" DataType="STRING" Value="ZS4001CL" />
			<Property ID="TagZS4001OP" DataType="STRING" Value="ZS4001OP" />
			<Property ID="TagZS1001CL" DataType="STRING" Value="ZS1001CL" />
			<Property ID="TagZS1001OP" DataType="STRING" Value="ZS1001OP" />
			<Property ID="TagZS1002ACL" DataType="STRING" Value="ZS1002ACL" />
			<Property ID="TagZS1002AOP" DataType="STRING" Value="ZS1002AOP" />
			<Property ID="TagZS1002BCL" DataType="STRING" Value="ZS1002BCL" />
			<Property ID="TagZS1002BOP" DataType="STRING" Value="ZS1002BOP" />
			<Property ID="TagZS1003ACL" DataType="STRING" Value="ZS1003ACL" />
			<Property ID="TagZS1003AOP" DataType="STRING" Value="ZS1003AOP" />
			<Property ID="TagZS1003BCL" DataType="STRING" Value="ZS1003BCL" />
			<Property ID="TagZS1003BOP" DataType="STRING" Value="ZS1003BOP" />
			<Property ID="TagZS1004ACL" DataType="STRING" Value="ZS1004ACL" />
			<Property ID="TagZS1004AOP" DataType="STRING" Value="ZS1004AOP" />
			<Property ID="TagZS1004BCL" DataType="STRING" Value="ZS1004BCL" />
			<Property ID="TagZS1004BOP" DataType="STRING" Value="ZS1004BOP" />
			<Property ID="TagZS1101CL" DataType="STRING" Value="ZS1101CL" />
			<Property ID="TagZS1101OP" DataType="STRING" Value="ZS1101OP" />
			<Property ID="TagZS1102CL" DataType="STRING" Value="ZS1102CL" />
			<Property ID="TagZS1102OP" DataType="STRING" Value="ZS1102OP" />
			<Property ID="TagZS6001CL" DataType="STRING" Value="ZS6001CL" />
			<Property ID="TagZS6001OP" DataType="STRING" Value="ZS6001OP" />
		</Group>
	</Element>
</DATA>
