Time, Instance, Name, Code, Severity, AdditionalInformation1, AdditionalInformation2, Change, Message
2023-10-13 17:59:22:468, 44, A404, 404, 1, , , Active -> Inactive, A404 - DPIT1103 Differential pressure transmitter - High
2023-10-13 17:59:36:468, 44, A404, 404, 1, , , Inactive -> Active, A404 - DPIT1103 Differential pressure transmitter - High
2023-10-13 17:59:39:668, 44, A404, 404, 1, , , Active -> Inactive, A404 - DPIT1103 Differential pressure transmitter - High
2023-10-13 17:59:51:668, 44, A404, 404, 1, , , Inactive -> Active, A404 - DPIT1103 Differential pressure transmitter - High
2023-10-13 17:59:56:268, 44, A404, 404, 1, , , Active -> Inactive, A404 - DPIT1103 Differential pressure transmitter - High
2023-10-13 18:00:08:068, 44, A404, 404, 1, , , Inactive -> Active, A404 - DPIT1103 Differential pressure transmitter - High
2023-10-13 18:00:10:268, 44, A404, 404, 1, , , Active -> Inactive, A404 - DPIT1103 Differential pressure transmitter - High
2023-10-13 18:00:17:068, 44, A404, 404, 1, , , Inactive -> Active, A404 - DPIT1103 Differential pressure transmitter - High
2023-10-13 18:00:19:468, 44, A404, 404, 1, , , Active -> Inactive, A404 - DPIT1103 Differential pressure transmitter - High
2023-10-13 18:00:37:868, 44, A404, 404, 1, , , Inactive -> Active, A404 - DPIT1103 Differential pressure transmitter - High
2023-10-13 18:00:41:668, 44, A404, 404, 1, , , Active -> Inactive, A404 - DPIT1103 Differential pressure transmitter - High
2023-10-13 18:00:52:868, 44, A404, 404, 1, , , Inactive -> Active, A404 - DPIT1103 Differential pressure transmitter - High
2023-10-13 18:00:56:068, 44, A404, 404, 1, , , Active -> Inactive, A404 - DPIT1103 Differential pressure transmitter - High
2023-10-13 18:01:18:268, 44, A404, 404, 1, , , Inactive -> Active, A404 - DPIT1103 Differential pressure transmitter - High
2023-10-13 18:01:18:868, 44, A404, 404, 1, , , Active -> Inactive, A404 - DPIT1103 Differential pressure transmitter - High
2023-10-13 18:01:31:668, 44, A404, 404, 1, , , Inactive -> Active, A404 - DPIT1103 Differential pressure transmitter - High
2023-10-13 18:01:32:468, 44, A404, 404, 1, , , Active -> Inactive, A404 - DPIT1103 Differential pressure transmitter - High
2023-10-13 18:01:39:027, 44, A404, 404, 1, , , Inactive -> Active, A404 - DPIT1103 Differential pressure transmitter - High
2023-10-13 18:01:40:013, 44, A404, 404, 1, , , Active -> Inactive, A404 - DPIT1103 Differential pressure transmitter - High
2023-10-13 18:01:51:213, 44, A404, 404, 1, , , Inactive -> Active, A404 - DPIT1103 Differential pressure transmitter - High
2023-10-13 18:01:51:813, 44, A404, 404, 1, , , Active -> Inactive, A404 - DPIT1103 Differential pressure transmitter - High
2023-10-13 18:02:11:813, 44, A404, 404, 1, , , Inactive -> Active, A404 - DPIT1103 Differential pressure transmitter - High
2023-10-13 18:02:32:613, 44, A404, 404, 1, , , Active -> Inactive, A404 - DPIT1103 Differential pressure transmitter - High
2023-10-13 18:02:38:013, 44, A404, 404, 1, , , Inactive -> Active, A404 - DPIT1103 Differential pressure transmitter - High
2023-10-13 18:02:44:813, 44, A404, 404, 1, , , Active -> Inactive, A404 - DPIT1103 Differential pressure transmitter - High
2023-10-13 18:02:56:813, 44, A404, 404, 1, , , Inactive -> Active, A404 - DPIT1103 Differential pressure transmitter - High
2023-10-13 18:03:00:213, 44, A404, 404, 1, , , Active -> Inactive, A404 - DPIT1103 Differential pressure transmitter - High
2023-10-13 18:03:14:613, 44, A404, 404, 1, , , Inactive -> Active, A404 - DPIT1103 Differential pressure transmitter - High
2023-10-13 18:03:21:613, 44, A404, 404, 1, , , Active -> Inactive, A404 - DPIT1103 Differential pressure transmitter - High
2023-10-13 18:03:32:413, 44, A404, 404, 1, , , Inactive -> Active, A404 - DPIT1103 Differential pressure transmitter - High
2023-10-13 18:03:35:013, 44, A404, 404, 1, , , Active -> Inactive, A404 - DPIT1103 Differential pressure transmitter - High
2023-10-13 18:03:40:413, 44, A404, 404, 1, , , Inactive -> Active, A404 - DPIT1103 Differential pressure transmitter - High
2023-10-13 18:03:46:613, 44, A404, 404, 1, , , Active -> Inactive, A404 - DPIT1103 Differential pressure transmitter - High
2023-10-13 18:03:58:613, 44, A404, 404, 1, , , Inactive -> Active, A404 - DPIT1103 Differential pressure transmitter - High
2023-10-13 18:04:00:013, 44, A404, 404, 1, , , Active -> Inactive, A404 - DPIT1103 Differential pressure transmitter - High
2023-10-13 18:04:25:213, 44, A404, 404, 1, , , Inactive -> Active, A404 - DPIT1103 Differential pressure transmitter - High
2023-10-13 18:04:25:497, 44, A404, 404, 1, , , Active -> Inactive, A404 - DPIT1103 Differential pressure transmitter - High
2023-10-13 18:04:41:213, 44, A404, 404, 1, , , Inactive -> Active, A404 - DPIT1103 Differential pressure transmitter - High
2023-10-13 18:04:46:413, 44, A404, 404, 1, , , Active -> Inactive, A404 - DPIT1103 Differential pressure transmitter - High
2023-10-13 18:05:22:213, 44, A404, 404, 1, , , Inactive -> Active, A404 - DPIT1103 Differential pressure transmitter - High
2023-10-13 18:05:22:413, 44, A404, 404, 1, , , Active -> Inactive, A404 - DPIT1103 Differential pressure transmitter - High
2023-10-13 18:05:36:413, 44, A404, 404, 1, , , Inactive -> Active, A404 - DPIT1103 Differential pressure transmitter - High
2023-10-13 18:05:36:616, 44, A404, 404, 1, , , Active -> Inactive, A404 - DPIT1103 Differential pressure transmitter - High
2023-10-13 18:06:54:813, 44, A404, 404, 1, , , Inactive -> Active, A404 - DPIT1103 Differential pressure transmitter - High
2023-10-13 18:07:05:213, 44, A404, 404, 1, , , Active -> Inactive, A404 - DPIT1103 Differential pressure transmitter - High
2023-10-13 18:07:13:013, 44, A404, 404, 1, , , Inactive -> Active, A404 - DPIT1103 Differential pressure transmitter - High
2023-10-13 18:07:15:813, 44, A404, 404, 1, , , Active -> Inactive, A404 - DPIT1103 Differential pressure transmitter - High
2023-10-13 18:07:29:613, 44, A404, 404, 1, , , Inactive -> Active, A404 - DPIT1103 Differential pressure transmitter - High
2023-10-13 18:07:31:413, 44, A404, 404, 1, , , Active -> Inactive, A404 - DPIT1103 Differential pressure transmitter - High
2023-10-13 18:07:48:158, 44, A404, 404, 1, , , Inactive -> Active, A404 - DPIT1103 Differential pressure transmitter - High
2023-10-13 18:07:49:358, 44, A404, 404, 1, , , Active -> Inactive, A404 - DPIT1103 Differential pressure transmitter - High
2023-10-13 18:08:21:158, 44, A404, 404, 1, , , Inactive -> Active, A404 - DPIT1103 Differential pressure transmitter - High
2023-10-13 18:08:25:558, 44, A404, 404, 1, , , Active -> Inactive, A404 - DPIT1103 Differential pressure transmitter - High
2023-10-13 18:08:39:558, 44, A404, 404, 1, , , Inactive -> Active, A404 - DPIT1103 Differential pressure transmitter - High
2023-10-13 18:08:41:358, 44, A404, 404, 1, , , Active -> Inactive, A404 - DPIT1103 Differential pressure transmitter - High
2023-10-13 18:08:46:958, 44, A404, 404, 1, , , Inactive -> Active, A404 - DPIT1103 Differential pressure transmitter - High
2023-10-13 18:08:48:558, 44, A404, 404, 1, , , Active -> Inactive, A404 - DPIT1103 Differential pressure transmitter - High
2023-10-13 18:08:53:758, 44, A404, 404, 1, , , Inactive -> Active, A404 - DPIT1103 Differential pressure transmitter - High
2023-10-13 18:08:55:558, 44, A404, 404, 1, , , Active -> Inactive, A404 - DPIT1103 Differential pressure transmitter - High
2023-10-13 18:09:26:358, 44, A404, 404, 1, , , Inactive -> Active, A404 - DPIT1103 Differential pressure transmitter - High
2023-10-13 18:09:26:958, 44, A404, 404, 1, , , Active -> Inactive, A404 - DPIT1103 Differential pressure transmitter - High
2023-10-13 18:10:23:758, 44, A404, 404, 1, , , Inactive -> Active, A404 - DPIT1103 Differential pressure transmitter - High
2023-10-13 18:10:31:958, 44, A404, 404, 1, , , Active -> Inactive, A404 - DPIT1103 Differential pressure transmitter - High
2023-10-13 18:11:08:558, 44, A404, 404, 1, , , Inactive -> Active, A404 - DPIT1103 Differential pressure transmitter - High
2023-10-13 18:11:14:758, 44, A404, 404, 1, , , Active -> Inactive, A404 - DPIT1103 Differential pressure transmitter - High
2023-10-13 18:11:30:158, 44, A404, 404, 1, , , Inactive -> Active, A404 - DPIT1103 Differential pressure transmitter - High
2023-10-13 18:11:30:758, 44, A404, 404, 1, , , Active -> Inactive, A404 - DPIT1103 Differential pressure transmitter - High
2023-10-13 18:11:35:958, 44, A404, 404, 1, , , Inactive -> Active, A404 - DPIT1103 Differential pressure transmitter - High
2023-10-13 18:11:36:558, 44, A404, 404, 1, , , Active -> Inactive, A404 - DPIT1103 Differential pressure transmitter - High
2023-10-13 18:11:54:158, 44, A404, 404, 1, , , Inactive -> Active, A404 - DPIT1103 Differential pressure transmitter - High
2023-10-13 18:11:58:358, 44, A404, 404, 1, , , Active -> Inactive, A404 - DPIT1103 Differential pressure transmitter - High
2023-10-13 18:12:03:758, 44, A404, 404, 1, , , Inactive -> Active, A404 - DPIT1103 Differential pressure transmitter - High
2023-10-13 18:12:04:958, 44, A404, 404, 1, , , Active -> Inactive, A404 - DPIT1103 Differential pressure transmitter - High
2023-10-13 18:12:10:358, 44, A404, 404, 1, , , Inactive -> Active, A404 - DPIT1103 Differential pressure transmitter - High
2023-10-13 18:12:10:558, 44, A404, 404, 1, , , Active -> Inactive, A404 - DPIT1103 Differential pressure transmitter - High
2023-10-13 18:12:17:758, 44, A404, 404, 1, , , Inactive -> Active, A404 - DPIT1103 Differential pressure transmitter - High
2023-10-13 18:12:24:758, 44, A404, 404, 1, , , Active -> Inactive, A404 - DPIT1103 Differential pressure transmitter - High
2023-10-13 18:12:45:158, 44, A404, 404, 1, , , Inactive -> Active, A404 - DPIT1103 Differential pressure transmitter - High
2023-10-13 18:12:45:385, 44, A404, 404, 1, , , Active -> Inactive, A404 - DPIT1103 Differential pressure transmitter - High
2023-10-13 18:13:08:158, 44, A404, 404, 1, , , Inactive -> Active, A404 - DPIT1103 Differential pressure transmitter - High
2023-10-13 18:13:09:558, 44, A404, 404, 1, , , Active -> Inactive, A404 - DPIT1103 Differential pressure transmitter - High
2023-10-13 18:13:23:158, 44, A404, 404, 1, , , Inactive -> Active, A404 - DPIT1103 Differential pressure transmitter - High
2023-10-13 18:13:27:758, 44, A404, 404, 1, , , Active -> Inactive, A404 - DPIT1103 Differential pressure transmitter - High
2023-10-13 18:13:45:303, 44, A404, 404, 1, , , Inactive -> Active, A404 - DPIT1103 Differential pressure transmitter - High
2023-10-13 18:13:48:903, 44, A404, 404, 1, , , Active -> Inactive, A404 - DPIT1103 Differential pressure transmitter - High
2023-10-13 18:14:11:503, 44, A404, 404, 1, , , Inactive -> Active, A404 - DPIT1103 Differential pressure transmitter - High
2023-10-13 18:14:14:503, 44, A404, 404, 1, , , Active -> Inactive, A404 - DPIT1103 Differential pressure transmitter - High
2023-10-13 18:14:28:303, 44, A404, 404, 1, , , Inactive -> Active, A404 - DPIT1103 Differential pressure transmitter - High
2023-10-13 18:14:34:903, 44, A404, 404, 1, , , Active -> Inactive, A404 - DPIT1103 Differential pressure transmitter - High
2023-10-13 18:14:47:503, 44, A404, 404, 1, , , Inactive -> Active, A404 - DPIT1103 Differential pressure transmitter - High
2023-10-13 18:14:54:703, 44, A404, 404, 1, , , Active -> Inactive, A404 - DPIT1103 Differential pressure transmitter - High
2023-10-13 18:15:05:303, 44, A404, 404, 1, , , Inactive -> Active, A404 - DPIT1103 Differential pressure transmitter - High
2023-10-13 18:15:09:703, 44, A404, 404, 1, , , Active -> Inactive, A404 - DPIT1103 Differential pressure transmitter - High
2023-10-13 18:15:26:503, 44, A404, 404, 1, , , Inactive -> Active, A404 - DPIT1103 Differential pressure transmitter - High
2023-10-13 18:15:29:703, 44, A404, 404, 1, , , Active -> Inactive, A404 - DPIT1103 Differential pressure transmitter - High
2023-10-13 18:15:36:703, 44, A404, 404, 1, , , Inactive -> Active, A404 - DPIT1103 Differential pressure transmitter - High
2023-10-13 18:15:42:303, 44, A404, 404, 1, , , Active -> Inactive, A404 - DPIT1103 Differential pressure transmitter - High
2023-10-13 18:16:05:903, 44, A404, 404, 1, , , Inactive -> Active, A404 - DPIT1103 Differential pressure transmitter - High
2023-10-13 18:16:06:703, 44, A404, 404, 1, , , Active -> Inactive, A404 - DPIT1103 Differential pressure transmitter - High
2023-10-13 18:16:38:503, 44, A404, 404, 1, , , Inactive -> Active, A404 - DPIT1103 Differential pressure transmitter - High
2023-10-13 18:16:39:303, 44, A404, 404, 1, , , Active -> Inactive, A404 - DPIT1103 Differential pressure transmitter - High
2023-10-13 18:16:50:703, 44, A404, 404, 1, , , Inactive -> Active, A404 - DPIT1103 Differential pressure transmitter - High
2023-10-13 18:16:51:103, 44, A404, 404, 1, , , Active -> Inactive, A404 - DPIT1103 Differential pressure transmitter - High
2023-10-13 18:17:29:503, 44, A404, 404, 1, , , Inactive -> Active, A404 - DPIT1103 Differential pressure transmitter - High
2023-10-13 18:17:33:903, 44, A404, 404, 1, , , Active -> Inactive, A404 - DPIT1103 Differential pressure transmitter - High
2023-10-13 18:18:20:503, 44, A404, 404, 1, , , Inactive -> Active, A404 - DPIT1103 Differential pressure transmitter - High
2023-10-13 18:18:28:303, 44, A404, 404, 1, , , Active -> Inactive, A404 - DPIT1103 Differential pressure transmitter - High
2023-10-13 18:18:36:703, 44, A404, 404, 1, , , Inactive -> Active, A404 - DPIT1103 Differential pressure transmitter - High
2023-10-13 18:18:37:703, 44, A404, 404, 1, , , Active -> Inactive, A404 - DPIT1103 Differential pressure transmitter - High
2023-10-13 18:18:50:903, 44, A404, 404, 1, , , Inactive -> Active, A404 - DPIT1103 Differential pressure transmitter - High
2023-10-13 18:18:52:903, 44, A404, 404, 1, , , Active -> Inactive, A404 - DPIT1103 Differential pressure transmitter - High
2023-10-13 18:19:03:115, 44, A404, 404, 1, , , Inactive -> Active, A404 - DPIT1103 Differential pressure transmitter - High
2023-10-13 18:19:09:503, 44, A404, 404, 1, , , Active -> Inactive, A404 - DPIT1103 Differential pressure transmitter - High
2023-10-13 18:19:22:703, 44, A404, 404, 1, , , Inactive -> Active, A404 - DPIT1103 Differential pressure transmitter - High
2023-10-13 18:19:27:703, 44, A404, 404, 1, , , Active -> Inactive, A404 - DPIT1103 Differential pressure transmitter - High
2023-10-13 18:19:38:082, 44, A404, 404, 1, , , Inactive -> Active, A404 - DPIT1103 Differential pressure transmitter - High
2023-10-13 18:19:45:447, 44, A404, 404, 1, , , Active -> Inactive, A404 - DPIT1103 Differential pressure transmitter - High
2023-10-13 18:19:52:047, 44, A404, 404, 1, , , Inactive -> Active, A404 - DPIT1103 Differential pressure transmitter - High
2023-10-13 18:19:52:847, 44, A404, 404, 1, , , Active -> Inactive, A404 - DPIT1103 Differential pressure transmitter - High
2023-10-13 18:20:07:847, 44, A404, 404, 1, , , Inactive -> Active, A404 - DPIT1103 Differential pressure transmitter - High
2023-10-13 18:20:29:447, 44, A404, 404, 1, , , Active -> Inactive, A404 - DPIT1103 Differential pressure transmitter - High
2023-10-13 18:20:35:247, 44, A404, 404, 1, , , Inactive -> Active, A404 - DPIT1103 Differential pressure transmitter - High
2023-10-13 18:20:39:247, 44, A404, 404, 1, , , Active -> Inactive, A404 - DPIT1103 Differential pressure transmitter - High
2023-10-13 18:20:44:447, 44, A404, 404, 1, , , Inactive -> Active, A404 - DPIT1103 Differential pressure transmitter - High
2023-10-13 18:20:48:447, 44, A404, 404, 1, , , Active -> Inactive, A404 - DPIT1103 Differential pressure transmitter - High
2023-10-13 18:20:58:847, 44, A404, 404, 1, , , Inactive -> Active, A404 - DPIT1103 Differential pressure transmitter - High
2023-10-13 18:21:07:647, 44, A404, 404, 1, , , Active -> Inactive, A404 - DPIT1103 Differential pressure transmitter - High
2023-10-13 18:21:18:047, 44, A404, 404, 1, , , Inactive -> Active, A404 - DPIT1103 Differential pressure transmitter - High
2023-10-13 18:21:23:847, 44, A404, 404, 1, , , Active -> Inactive, A404 - DPIT1103 Differential pressure transmitter - High
2023-10-13 18:22:33:247, 44, A404, 404, 1, , , Inactive -> Active, A404 - DPIT1103 Differential pressure transmitter - High
2023-10-13 18:22:38:447, 44, A404, 404, 1, , , Active -> Inactive, A404 - DPIT1103 Differential pressure transmitter - High
2023-10-13 18:22:52:247, 44, A404, 404, 1, , , Inactive -> Active, A404 - DPIT1103 Differential pressure transmitter - High
2023-10-13 18:22:56:047, 44, A404, 404, 1, , , Active -> Inactive, A404 - DPIT1103 Differential pressure transmitter - High
2023-10-13 18:23:07:647, 44, A404, 404, 1, , , Inactive -> Active, A404 - DPIT1103 Differential pressure transmitter - High
2023-10-13 18:23:10:847, 44, A404, 404, 1, , , Active -> Inactive, A404 - DPIT1103 Differential pressure transmitter - High
2023-10-13 18:23:27:647, 44, A404, 404, 1, , , Inactive -> Active, A404 - DPIT1103 Differential pressure transmitter - High
2023-10-13 18:23:37:247, 44, A404, 404, 1, , , Active -> Inactive, A404 - DPIT1103 Differential pressure transmitter - High
2023-10-13 18:23:45:247, 44, A404, 404, 1, , , Inactive -> Active, A404 - DPIT1103 Differential pressure transmitter - High
2023-10-13 18:23:50:447, 44, A404, 404, 1, , , Active -> Inactive, A404 - DPIT1103 Differential pressure transmitter - High
2023-10-13 18:23:58:047, 44, A404, 404, 1, , , Inactive -> Active, A404 - DPIT1103 Differential pressure transmitter - High
2023-10-13 18:24:25:047, 44, A404, 404, 1, , , Active -> Inactive, A404 - DPIT1103 Differential pressure transmitter - High
2023-10-13 18:24:33:647, 44, A404, 404, 1, , , Inactive -> Active, A404 - DPIT1103 Differential pressure transmitter - High
2023-10-13 18:24:46:047, 44, A404, 404, 1, , , Active -> Inactive, A404 - DPIT1103 Differential pressure transmitter - High
2023-10-13 18:25:00:047, 44, A404, 404, 1, , , Inactive -> Active, A404 - DPIT1103 Differential pressure transmitter - High
2023-10-13 18:25:01:847, 44, A404, 404, 1, , , Active -> Inactive, A404 - DPIT1103 Differential pressure transmitter - High
2023-10-13 18:25:12:847, 44, A404, 404, 1, , , Inactive -> Active, A404 - DPIT1103 Differential pressure transmitter - High
2023-10-13 18:25:13:247, 44, A404, 404, 1, , , Active -> Inactive, A404 - DPIT1103 Differential pressure transmitter - High
2023-10-13 18:25:19:047, 44, A404, 404, 1, , , Inactive -> Active, A404 - DPIT1103 Differential pressure transmitter - High
2023-10-13 18:25:27:847, 44, A404, 404, 1, , , Active -> Inactive, A404 - DPIT1103 Differential pressure transmitter - High
2023-10-13 18:25:42:192, 44, A404, 404, 1, , , Inactive -> Active, A404 - DPIT1103 Differential pressure transmitter - High
2023-10-13 18:25:42:592, 44, A404, 404, 1, , , Active -> Inactive, A404 - DPIT1103 Differential pressure transmitter - High
2023-10-13 18:26:03:192, 44, A404, 404, 1, , , Inactive -> Active, A404 - DPIT1103 Differential pressure transmitter - High
2023-10-13 18:26:04:992, 44, A404, 404, 1, , , Active -> Inactive, A404 - DPIT1103 Differential pressure transmitter - High
2023-10-13 18:26:26:792, 44, A404, 404, 1, , , Inactive -> Active, A404 - DPIT1103 Differential pressure transmitter - High
2023-10-13 18:26:28:392, 44, A404, 404, 1, , , Active -> Inactive, A404 - DPIT1103 Differential pressure transmitter - High
2023-10-13 18:26:44:992, 44, A404, 404, 1, , , Inactive -> Active, A404 - DPIT1103 Differential pressure transmitter - High
2023-10-13 18:26:46:392, 44, A404, 404, 1, , , Active -> Inactive, A404 - DPIT1103 Differential pressure transmitter - High
2023-10-13 18:27:00:992, 44, A404, 404, 1, , , Inactive -> Active, A404 - DPIT1103 Differential pressure transmitter - High
2023-10-13 18:27:03:992, 44, A404, 404, 1, , , Active -> Inactive, A404 - DPIT1103 Differential pressure transmitter - High
2023-10-13 18:27:18:192, 44, A404, 404, 1, , , Inactive -> Active, A404 - DPIT1103 Differential pressure transmitter - High
2023-10-13 18:27:22:192, 44, A404, 404, 1, , , Active -> Inactive, A404 - DPIT1103 Differential pressure transmitter - High
2023-10-13 18:27:41:992, 44, A404, 404, 1, , , Inactive -> Active, A404 - DPIT1103 Differential pressure transmitter - High
2023-10-13 18:27:47:792, 44, A404, 404, 1, , , Active -> Inactive, A404 - DPIT1103 Differential pressure transmitter - High
2023-10-13 18:28:03:192, 44, A404, 404, 1, , , Inactive -> Active, A404 - DPIT1103 Differential pressure transmitter - High
2023-10-13 18:28:09:192, 44, A404, 404, 1, , , Active -> Inactive, A404 - DPIT1103 Differential pressure transmitter - High
2023-10-13 18:28:20:592, 44, A404, 404, 1, , , Inactive -> Active, A404 - DPIT1103 Differential pressure transmitter - High
2023-10-13 18:28:22:392, 44, A404, 404, 1, , , Active -> Inactive, A404 - DPIT1103 Differential pressure transmitter - High
2023-10-13 18:28:31:592, 44, A404, 404, 1, , , Inactive -> Active, A404 - DPIT1103 Differential pressure transmitter - High
2023-10-13 18:28:36:392, 44, A404, 404, 1, , , Active -> Inactive, A404 - DPIT1103 Differential pressure transmitter - High
2023-10-13 18:28:47:992, 44, A404, 404, 1, , , Inactive -> Active, A404 - DPIT1103 Differential pressure transmitter - High
2023-10-13 18:28:53:592, 44, A404, 404, 1, , , Active -> Inactive, A404 - DPIT1103 Differential pressure transmitter - High
2023-10-13 18:29:17:992, 44, A404, 404, 1, , , Inactive -> Active, A404 - DPIT1103 Differential pressure transmitter - High
2023-10-13 18:29:18:392, 44, A404, 404, 1, , , Active -> Inactive, A404 - DPIT1103 Differential pressure transmitter - High
2023-10-13 18:29:38:792, 44, A404, 404, 1, , , Inactive -> Active, A404 - DPIT1103 Differential pressure transmitter - High
2023-10-13 18:29:40:592, 44, A404, 404, 1, , , Active -> Inactive, A404 - DPIT1103 Differential pressure transmitter - High
2023-10-13 18:29:46:792, 44, A404, 404, 1, , , Inactive -> Active, A404 - DPIT1103 Differential pressure transmitter - High
2023-10-13 18:29:48:792, 44, A404, 404, 1, , , Active -> Inactive, A404 - DPIT1103 Differential pressure transmitter - High
2023-10-13 18:30:01:792, 44, A404, 404, 1, , , Inactive -> Active, A404 - DPIT1103 Differential pressure transmitter - High
2023-10-13 18:30:07:192, 44, A404, 404, 1, , , Active -> Inactive, A404 - DPIT1103 Differential pressure transmitter - High
2023-10-13 18:30:28:192, 44, A404, 404, 1, , , Inactive -> Active, A404 - DPIT1103 Differential pressure transmitter - High
2023-10-13 18:30:28:992, 44, A404, 404, 1, , , Active -> Inactive, A404 - DPIT1103 Differential pressure transmitter - High
2023-10-13 18:30:37:392, 44, A404, 404, 1, , , Inactive -> Active, A404 - DPIT1103 Differential pressure transmitter - High
2023-10-13 18:30:43:192, 44, A404, 404, 1, , , Active -> Inactive, A404 - DPIT1103 Differential pressure transmitter - High
2023-10-13 18:30:58:592, 44, A404, 404, 1, , , Inactive -> Active, A404 - DPIT1103 Differential pressure transmitter - High
2023-10-13 18:31:01:792, 44, A404, 404, 1, , , Active -> Inactive, A404 - DPIT1103 Differential pressure transmitter - High
2023-10-13 18:31:14:392, 44, A404, 404, 1, , , Inactive -> Active, A404 - DPIT1103 Differential pressure transmitter - High
2023-10-13 18:31:14:792, 44, A404, 404, 1, , , Active -> Inactive, A404 - DPIT1103 Differential pressure transmitter - High
2023-10-13 18:31:33:992, 44, A404, 404, 1, , , Inactive -> Active, A404 - DPIT1103 Differential pressure transmitter - High
2023-10-13 18:31:34:592, 44, A404, 404, 1, , , Active -> Inactive, A404 - DPIT1103 Differential pressure transmitter - High
2023-10-13 18:31:40:337, 44, A404, 404, 1, , , Inactive -> Active, A404 - DPIT1103 Differential pressure transmitter - High
2023-10-13 18:31:45:737, 44, A404, 404, 1, , , Active -> Inactive, A404 - DPIT1103 Differential pressure transmitter - High
2023-10-13 18:31:58:137, 44, A404, 404, 1, , , Inactive -> Active, A404 - DPIT1103 Differential pressure transmitter - High
2023-10-13 18:31:59:937, 44, A404, 404, 1, , , Active -> Inactive, A404 - DPIT1103 Differential pressure transmitter - High
2023-10-13 18:32:06:137, 44, A404, 404, 1, , , Inactive -> Active, A404 - DPIT1103 Differential pressure transmitter - High
2023-10-13 18:32:12:337, 44, A404, 404, 1, , , Active -> Inactive, A404 - DPIT1103 Differential pressure transmitter - High
2023-10-13 18:32:17:537, 44, A404, 404, 1, , , Inactive -> Active, A404 - DPIT1103 Differential pressure transmitter - High
2023-10-13 18:32:33:537, 44, A404, 404, 1, , , Active -> Inactive, A404 - DPIT1103 Differential pressure transmitter - High
2023-10-13 18:32:44:737, 44, A404, 404, 1, , , Inactive -> Active, A404 - DPIT1103 Differential pressure transmitter - High
2023-10-13 18:32:53:937, 44, A404, 404, 1, , , Active -> Inactive, A404 - DPIT1103 Differential pressure transmitter - High
2023-10-13 18:33:00:337, 44, A404, 404, 1, , , Inactive -> Active, A404 - DPIT1103 Differential pressure transmitter - High
2023-10-13 18:33:04:537, 44, A404, 404, 1, , , Active -> Inactive, A404 - DPIT1103 Differential pressure transmitter - High
2023-10-13 18:33:14:937, 44, A404, 404, 1, , , Inactive -> Active, A404 - DPIT1103 Differential pressure transmitter - High
2023-10-13 18:33:20:937, 44, A404, 404, 1, , , Active -> Inactive, A404 - DPIT1103 Differential pressure transmitter - High
2023-10-13 18:33:38:937, 44, A404, 404, 1, , , Inactive -> Active, A404 - DPIT1103 Differential pressure transmitter - High
2023-10-13 18:33:39:737, 44, A404, 404, 1, , , Active -> Inactive, A404 - DPIT1103 Differential pressure transmitter - High
2023-10-13 18:33:45:737, 44, A404, 404, 1, , , Inactive -> Active, A404 - DPIT1103 Differential pressure transmitter - High
2023-10-13 18:33:47:737, 44, A404, 404, 1, , , Active -> Inactive, A404 - DPIT1103 Differential pressure transmitter - High
2023-10-13 18:33:59:537, 44, A404, 404, 1, , , Inactive -> Active, A404 - DPIT1103 Differential pressure transmitter - High
2023-10-13 18:34:03:737, 44, A404, 404, 1, , , Active -> Inactive, A404 - DPIT1103 Differential pressure transmitter - High
2023-10-13 18:34:20:537, 44, A404, 404, 1, , , Inactive -> Active, A404 - DPIT1103 Differential pressure transmitter - High
2023-10-13 18:34:24:137, 44, A404, 404, 1, , , Active -> Inactive, A404 - DPIT1103 Differential pressure transmitter - High
2023-10-13 18:34:41:337, 44, A404, 404, 1, , , Inactive -> Active, A404 - DPIT1103 Differential pressure transmitter - High
2023-10-13 18:34:42:337, 44, A404, 404, 1, , , Active -> Inactive, A404 - DPIT1103 Differential pressure transmitter - High
2023-10-13 18:34:47:537, 44, A404, 404, 1, , , Inactive -> Active, A404 - DPIT1103 Differential pressure transmitter - High
2023-10-13 18:34:51:337, 44, A404, 404, 1, , , Active -> Inactive, A404 - DPIT1103 Differential pressure transmitter - High
2023-10-13 18:34:59:537, 44, A404, 404, 1, , , Inactive -> Active, A404 - DPIT1103 Differential pressure transmitter - High
2023-10-13 18:35:00:137, 44, A404, 404, 1, , , Active -> Inactive, A404 - DPIT1103 Differential pressure transmitter - High
2023-10-13 18:35:10:337, 44, A404, 404, 1, , , Inactive -> Active, A404 - DPIT1103 Differential pressure transmitter - High
2023-10-13 18:35:13:337, 44, A404, 404, 1, , , Active -> Inactive, A404 - DPIT1103 Differential pressure transmitter - High
2023-10-13 18:35:33:937, 44, A404, 404, 1, , , Inactive -> Active, A404 - DPIT1103 Differential pressure transmitter - High
2023-10-13 18:35:35:337, 44, A404, 404, 1, , , Active -> Inactive, A404 - DPIT1103 Differential pressure transmitter - High
2023-10-13 18:35:46:737, 44, A404, 404, 1, , , Inactive -> Active, A404 - DPIT1103 Differential pressure transmitter - High
2023-10-13 18:35:47:937, 44, A404, 404, 1, , , Active -> Inactive, A404 - DPIT1103 Differential pressure transmitter - High
2023-10-13 18:36:01:937, 44, A404, 404, 1, , , Inactive -> Active, A404 - DPIT1103 Differential pressure transmitter - High
2023-10-13 18:36:05:737, 44, A404, 404, 1, , , Active -> Inactive, A404 - DPIT1103 Differential pressure transmitter - High
2023-10-13 18:36:19:337, 44, A404, 404, 1, , , Inactive -> Active, A404 - DPIT1103 Differential pressure transmitter - High
2023-10-13 18:36:23:537, 44, A404, 404, 1, , , Active -> Inactive, A404 - DPIT1103 Differential pressure transmitter - High
2023-10-13 18:36:41:537, 44, A404, 404, 1, , , Inactive -> Active, A404 - DPIT1103 Differential pressure transmitter - High
2023-10-13 18:36:49:537, 44, A404, 404, 1, , , Active -> Inactive, A404 - DPIT1103 Differential pressure transmitter - High
2023-10-13 18:37:08:937, 44, A404, 404, 1, , , Inactive -> Active, A404 - DPIT1103 Differential pressure transmitter - High
2023-10-13 18:37:09:937, 44, A404, 404, 1, , , Active -> Inactive, A404 - DPIT1103 Differential pressure transmitter - High
2023-10-13 18:37:22:137, 44, A404, 404, 1, , , Inactive -> Active, A404 - DPIT1103 Differential pressure transmitter - High
2023-10-13 18:37:28:537, 44, A404, 404, 1, , , Active -> Inactive, A404 - DPIT1103 Differential pressure transmitter - High
2023-10-13 18:37:36:737, 44, A404, 404, 1, , , Inactive -> Active, A404 - DPIT1103 Differential pressure transmitter - High
2023-10-13 18:37:40:082, 44, A404, 404, 1, , , Active -> Inactive, A404 - DPIT1103 Differential pressure transmitter - High
2023-10-13 18:37:54:682, 44, A404, 404, 1, , , Inactive -> Active, A404 - DPIT1103 Differential pressure transmitter - High
2023-10-13 18:38:00:882, 44, A404, 404, 1, , , Active -> Inactive, A404 - DPIT1103 Differential pressure transmitter - High
2023-10-13 18:38:15:082, 44, A404, 404, 1, , , Inactive -> Active, A404 - DPIT1103 Differential pressure transmitter - High
2023-10-13 18:38:27:082, 44, A404, 404, 1, , , Active -> Inactive, A404 - DPIT1103 Differential pressure transmitter - High
2023-10-13 18:38:41:282, 44, A404, 404, 1, , , Inactive -> Active, A404 - DPIT1103 Differential pressure transmitter - High
2023-10-13 18:38:43:282, 44, A404, 404, 1, , , Active -> Inactive, A404 - DPIT1103 Differential pressure transmitter - High
2023-10-13 18:38:48:882, 44, A404, 404, 1, , , Inactive -> Active, A404 - DPIT1103 Differential pressure transmitter - High
2023-10-13 18:38:52:682, 44, A404, 404, 1, , , Active -> Inactive, A404 - DPIT1103 Differential pressure transmitter - High
2023-10-13 18:38:59:882, 44, A404, 404, 1, , , Inactive -> Active, A404 - DPIT1103 Differential pressure transmitter - High
2023-10-13 18:39:01:882, 44, A404, 404, 1, , , Active -> Inactive, A404 - DPIT1103 Differential pressure transmitter - High
2023-10-13 18:39:14:482, 44, A404, 404, 1, , , Inactive -> Active, A404 - DPIT1103 Differential pressure transmitter - High
2023-10-13 18:39:16:682, 44, A404, 404, 1, , , Active -> Inactive, A404 - DPIT1103 Differential pressure transmitter - High
2023-10-13 18:39:23:482, 44, A404, 404, 1, , , Inactive -> Active, A404 - DPIT1103 Differential pressure transmitter - High
2023-10-13 18:39:32:882, 44, A404, 404, 1, , , Active -> Inactive, A404 - DPIT1103 Differential pressure transmitter - High
2023-10-13 18:39:42:282, 44, A404, 404, 1, , , Inactive -> Active, A404 - DPIT1103 Differential pressure transmitter - High
2023-10-13 18:39:54:682, 44, A404, 404, 1, , , Active -> Inactive, A404 - DPIT1103 Differential pressure transmitter - High
2023-10-13 18:40:07:682, 44, A404, 404, 1, , , Inactive -> Active, A404 - DPIT1103 Differential pressure transmitter - High
2023-10-13 18:40:11:482, 44, A404, 404, 1, , , Active -> Inactive, A404 - DPIT1103 Differential pressure transmitter - High
2023-10-13 18:40:22:882, 44, A404, 404, 1, , , Inactive -> Active, A404 - DPIT1103 Differential pressure transmitter - High
2023-10-13 18:40:26:682, 44, A404, 404, 1, , , Active -> Inactive, A404 - DPIT1103 Differential pressure transmitter - High
2023-10-13 18:40:32:082, 44, A404, 404, 1, , , Inactive -> Active, A404 - DPIT1103 Differential pressure transmitter - High
2023-10-13 18:40:40:682, 44, A404, 404, 1, , , Active -> Inactive, A404 - DPIT1103 Differential pressure transmitter - High
2023-10-13 18:40:52:282, 44, A404, 404, 1, , , Inactive -> Active, A404 - DPIT1103 Differential pressure transmitter - High
2023-10-13 18:40:59:882, 44, A404, 404, 1, , , Active -> Inactive, A404 - DPIT1103 Differential pressure transmitter - High
2023-10-13 18:41:10:098, 44, A404, 404, 1, , , Inactive -> Active, A404 - DPIT1103 Differential pressure transmitter - High
2023-10-13 18:41:11:682, 44, A404, 404, 1, , , Active -> Inactive, A404 - DPIT1103 Differential pressure transmitter - High
2023-10-13 18:41:18:482, 44, A404, 404, 1, , , Inactive -> Active, A404 - DPIT1103 Differential pressure transmitter - High
2023-10-13 18:41:24:482, 44, A404, 404, 1, , , Active -> Inactive, A404 - DPIT1103 Differential pressure transmitter - High
2023-10-13 18:41:44:682, 44, A404, 404, 1, , , Inactive -> Active, A404 - DPIT1103 Differential pressure transmitter - High
2023-10-13 18:41:47:682, 44, A404, 404, 1, , , Active -> Inactive, A404 - DPIT1103 Differential pressure transmitter - High
2023-10-13 18:41:53:482, 44, A404, 404, 1, , , Inactive -> Active, A404 - DPIT1103 Differential pressure transmitter - High
2023-10-13 18:41:53:689, 44, A404, 404, 1, , , Active -> Inactive, A404 - DPIT1103 Differential pressure transmitter - High
2023-10-13 18:42:04:682, 44, A404, 404, 1, , , Inactive -> Active, A404 - DPIT1103 Differential pressure transmitter - High
2023-10-13 18:42:05:282, 44, A404, 404, 1, , , Active -> Inactive, A404 - DPIT1103 Differential pressure transmitter - High
2023-10-13 18:42:15:082, 44, A404, 404, 1, , , Inactive -> Active, A404 - DPIT1103 Differential pressure transmitter - High
2023-10-13 18:42:15:375, 44, A404, 404, 1, , , Active -> Inactive, A404 - DPIT1103 Differential pressure transmitter - High
2023-10-13 18:42:20:882, 44, A404, 404, 1, , , Inactive -> Active, A404 - DPIT1103 Differential pressure transmitter - High
2023-10-13 18:42:21:282, 44, A404, 404, 1, , , Active -> Inactive, A404 - DPIT1103 Differential pressure transmitter - High
2023-10-13 18:42:32:482, 44, A404, 404, 1, , , Inactive -> Active, A404 - DPIT1103 Differential pressure transmitter - High
2023-10-13 18:42:38:882, 44, A404, 404, 1, , , Active -> Inactive, A404 - DPIT1103 Differential pressure transmitter - High
2023-10-13 18:42:44:282, 44, A404, 404, 1, , , Inactive -> Active, A404 - DPIT1103 Differential pressure transmitter - High
2023-10-13 18:42:48:082, 44, A404, 404, 1, , , Active -> Inactive, A404 - DPIT1103 Differential pressure transmitter - High
2023-10-13 18:42:54:082, 44, A404, 404, 1, , , Inactive -> Active, A404 - DPIT1103 Differential pressure transmitter - High
2023-10-13 18:42:59:082, 44, A404, 404, 1, , , Active -> Inactive, A404 - DPIT1103 Differential pressure transmitter - High
2023-10-13 18:43:17:482, 44, A404, 404, 1, , , Inactive -> Active, A404 - DPIT1103 Differential pressure transmitter - High
2023-10-13 18:43:39:237, 44, A404, 404, 1, , , Active -> Inactive, A404 - DPIT1103 Differential pressure transmitter - High
2023-10-13 18:43:44:427, 44, A404, 404, 1, , , Inactive -> Active, A404 - DPIT1103 Differential pressure transmitter - High
2023-10-13 18:43:47:627, 44, A404, 404, 1, , , Active -> Inactive, A404 - DPIT1103 Differential pressure transmitter - High
2023-10-13 18:44:01:427, 44, A404, 404, 1, , , Inactive -> Active, A404 - DPIT1103 Differential pressure transmitter - High
2023-10-13 18:44:06:427, 44, A404, 404, 1, , , Active -> Inactive, A404 - DPIT1103 Differential pressure transmitter - High
2023-10-13 18:44:19:227, 44, A404, 404, 1, , , Inactive -> Active, A404 - DPIT1103 Differential pressure transmitter - High
2023-10-13 18:44:20:227, 44, A404, 404, 1, , , Active -> Inactive, A404 - DPIT1103 Differential pressure transmitter - High
2023-10-13 18:44:28:027, 44, A404, 404, 1, , , Inactive -> Active, A404 - DPIT1103 Differential pressure transmitter - High
2023-10-13 18:44:28:328, 44, A404, 404, 1, , , Active -> Inactive, A404 - DPIT1103 Differential pressure transmitter - High
2023-10-13 18:44:33:827, 44, A404, 404, 1, , , Inactive -> Active, A404 - DPIT1103 Differential pressure transmitter - High
2023-10-13 18:44:34:027, 44, A404, 404, 1, , , Active -> Inactive, A404 - DPIT1103 Differential pressure transmitter - High
2023-10-13 18:44:52:627, 44, A404, 404, 1, , , Inactive -> Active, A404 - DPIT1103 Differential pressure transmitter - High
2023-10-13 18:44:54:827, 44, A404, 404, 1, , , Active -> Inactive, A404 - DPIT1103 Differential pressure transmitter - High
2023-10-13 18:46:01:027, 44, A404, 404, 1, , , Inactive -> Active, A404 - DPIT1103 Differential pressure transmitter - High
2023-10-13 18:46:05:427, 44, A404, 404, 1, , , Active -> Inactive, A404 - DPIT1103 Differential pressure transmitter - High
2023-10-13 18:46:10:827, 44, A404, 404, 1, , , Inactive -> Active, A404 - DPIT1103 Differential pressure transmitter - High
2023-10-13 18:46:11:827, 44, A404, 404, 1, , , Active -> Inactive, A404 - DPIT1103 Differential pressure transmitter - High
2023-10-13 18:46:22:027, 44, A404, 404, 1, , , Inactive -> Active, A404 - DPIT1103 Differential pressure transmitter - High
2023-10-13 18:46:23:427, 44, A404, 404, 1, , , Active -> Inactive, A404 - DPIT1103 Differential pressure transmitter - High
2023-10-13 18:46:31:227, 44, A404, 404, 1, , , Inactive -> Active, A404 - DPIT1103 Differential pressure transmitter - High
2023-10-13 18:46:32:827, 44, A404, 404, 1, , , Active -> Inactive, A404 - DPIT1103 Differential pressure transmitter - High
2023-10-13 18:46:38:027, 44, A404, 404, 1, , , Inactive -> Active, A404 - DPIT1103 Differential pressure transmitter - High
2023-10-13 18:46:41:627, 44, A404, 404, 1, , , Active -> Inactive, A404 - DPIT1103 Differential pressure transmitter - High
2023-10-13 18:46:52:627, 44, A404, 404, 1, , , Inactive -> Active, A404 - DPIT1103 Differential pressure transmitter - High
2023-10-13 18:46:56:427, 44, A404, 404, 1, , , Active -> Inactive, A404 - DPIT1103 Differential pressure transmitter - High
2023-10-13 18:47:06:827, 44, A404, 404, 1, , , Inactive -> Active, A404 - DPIT1103 Differential pressure transmitter - High
2023-10-13 18:47:08:827, 44, A404, 404, 1, , , Active -> Inactive, A404 - DPIT1103 Differential pressure transmitter - High
2023-10-13 18:47:20:627, 44, A404, 404, 1, , , Inactive -> Active, A404 - DPIT1103 Differential pressure transmitter - High
2023-10-13 18:47:20:900, 44, A404, 404, 1, , , Active -> Inactive, A404 - DPIT1103 Differential pressure transmitter - High
2023-10-13 18:47:38:227, 44, A404, 404, 1, , , Inactive -> Active, A404 - DPIT1103 Differential pressure transmitter - High
2023-10-13 18:47:41:227, 44, A404, 404, 1, , , Active -> Inactive, A404 - DPIT1103 Differential pressure transmitter - High
2023-10-13 18:47:49:627, 44, A404, 404, 1, , , Inactive -> Active, A404 - DPIT1103 Differential pressure transmitter - High
2023-10-13 18:47:54:027, 44, A404, 404, 1, , , Active -> Inactive, A404 - DPIT1103 Differential pressure transmitter - High
2023-10-13 18:48:10:827, 44, A404, 404, 1, , , Inactive -> Active, A404 - DPIT1103 Differential pressure transmitter - High
2023-10-13 18:48:11:227, 44, A404, 404, 1, , , Active -> Inactive, A404 - DPIT1103 Differential pressure transmitter - High
2023-10-13 18:48:22:227, 44, A404, 404, 1, , , Inactive -> Active, A404 - DPIT1103 Differential pressure transmitter - High
2023-10-13 18:48:26:427, 44, A404, 404, 1, , , Active -> Inactive, A404 - DPIT1103 Differential pressure transmitter - High
2023-10-13 18:48:31:827, 44, A404, 404, 1, , , Inactive -> Active, A404 - DPIT1103 Differential pressure transmitter - High
2023-10-13 18:48:32:027, 44, A404, 404, 1, , , Active -> Inactive, A404 - DPIT1103 Differential pressure transmitter - High
2023-10-13 18:48:37:227, 44, A404, 404, 1, , , Inactive -> Active, A404 - DPIT1103 Differential pressure transmitter - High
2023-10-13 18:48:38:627, 44, A404, 404, 1, , , Active -> Inactive, A404 - DPIT1103 Differential pressure transmitter - High
2023-10-13 18:48:49:827, 44, A404, 404, 1, , , Inactive -> Active, A404 - DPIT1103 Differential pressure transmitter - High
2023-10-13 18:48:58:827, 44, A404, 404, 1, , , Active -> Inactive, A404 - DPIT1103 Differential pressure transmitter - High
2023-10-13 18:49:13:627, 44, A404, 404, 1, , , Inactive -> Active, A404 - DPIT1103 Differential pressure transmitter - High
2023-10-13 18:49:17:027, 44, A404, 404, 1, , , Active -> Inactive, A404 - DPIT1103 Differential pressure transmitter - High
2023-10-13 18:49:26:227, 44, A404, 404, 1, , , Inactive -> Active, A404 - DPIT1103 Differential pressure transmitter - High
2023-10-13 18:49:35:027, 44, A404, 404, 1, , , Active -> Inactive, A404 - DPIT1103 Differential pressure transmitter - High
2023-10-13 18:49:41:372, 44, A404, 404, 1, , , Inactive -> Active, A404 - DPIT1103 Differential pressure transmitter - High
2023-10-13 18:49:44:372, 44, A404, 404, 1, , , Active -> Inactive, A404 - DPIT1103 Differential pressure transmitter - High
2023-10-13 18:49:54:172, 44, A404, 404, 1, , , Inactive -> Active, A404 - DPIT1103 Differential pressure transmitter - High
2023-10-13 18:49:59:772, 44, A404, 404, 1, , , Active -> Inactive, A404 - DPIT1103 Differential pressure transmitter - High
2023-10-13 18:50:09:172, 44, A404, 404, 1, , , Inactive -> Active, A404 - DPIT1103 Differential pressure transmitter - High
2023-10-13 18:50:13:772, 44, A404, 404, 1, , , Active -> Inactive, A404 - DPIT1103 Differential pressure transmitter - High
2023-10-13 18:50:22:372, 44, A404, 404, 1, , , Inactive -> Active, A404 - DPIT1103 Differential pressure transmitter - High
2023-10-13 18:50:23:172, 44, A404, 404, 1, , , Active -> Inactive, A404 - DPIT1103 Differential pressure transmitter - High
2023-10-13 18:50:40:172, 44, A404, 404, 1, , , Inactive -> Active, A404 - DPIT1103 Differential pressure transmitter - High
2023-10-13 18:50:42:972, 44, A404, 404, 1, , , Active -> Inactive, A404 - DPIT1103 Differential pressure transmitter - High
2023-10-13 18:51:03:172, 44, A404, 404, 1, , , Inactive -> Active, A404 - DPIT1103 Differential pressure transmitter - High
2023-10-13 18:51:04:372, 44, A404, 404, 1, , , Active -> Inactive, A404 - DPIT1103 Differential pressure transmitter - High
2023-10-13 18:51:15:372, 44, A404, 404, 1, , , Inactive -> Active, A404 - DPIT1103 Differential pressure transmitter - High
2023-10-13 18:51:21:772, 44, A404, 404, 1, , , Active -> Inactive, A404 - DPIT1103 Differential pressure transmitter - High
2023-10-13 18:51:32:572, 44, A404, 404, 1, , , Inactive -> Active, A404 - DPIT1103 Differential pressure transmitter - High
2023-10-13 18:51:38:372, 44, A404, 404, 1, , , Active -> Inactive, A404 - DPIT1103 Differential pressure transmitter - High
2023-10-13 18:51:43:772, 44, A404, 404, 1, , , Inactive -> Active, A404 - DPIT1103 Differential pressure transmitter - High
2023-10-13 18:51:51:372, 44, A404, 404, 1, , , Active -> Inactive, A404 - DPIT1103 Differential pressure transmitter - High
2023-10-13 18:51:59:572, 44, A404, 404, 1, , , Inactive -> Active, A404 - DPIT1103 Differential pressure transmitter - High
2023-10-13 18:52:00:972, 44, A404, 404, 1, , , Active -> Inactive, A404 - DPIT1103 Differential pressure transmitter - High
2023-10-13 18:52:06:172, 44, A404, 404, 1, , , Inactive -> Active, A404 - DPIT1103 Differential pressure transmitter - High
2023-10-13 18:52:09:372, 44, A404, 404, 1, , , Active -> Inactive, A404 - DPIT1103 Differential pressure transmitter - High
2023-10-13 18:52:23:372, 44, A404, 404, 1, , , Inactive -> Active, A404 - DPIT1103 Differential pressure transmitter - High
2023-10-13 18:52:27:172, 44, A404, 404, 1, , , Active -> Inactive, A404 - DPIT1103 Differential pressure transmitter - High
2023-10-13 18:52:44:972, 44, A404, 404, 1, , , Inactive -> Active, A404 - DPIT1103 Differential pressure transmitter - High
2023-10-13 18:53:00:172, 44, A404, 404, 1, , , Active -> Inactive, A404 - DPIT1103 Differential pressure transmitter - High
2023-10-13 18:53:09:572, 44, A404, 404, 1, , , Inactive -> Active, A404 - DPIT1103 Differential pressure transmitter - High
2023-10-13 18:53:12:772, 44, A404, 404, 1, , , Active -> Inactive, A404 - DPIT1103 Differential pressure transmitter - High
2023-10-13 18:53:23:572, 44, A404, 404, 1, , , Inactive -> Active, A404 - DPIT1103 Differential pressure transmitter - High
2023-10-13 18:53:25:772, 44, A404, 404, 1, , , Active -> Inactive, A404 - DPIT1103 Differential pressure transmitter - High
2023-10-13 18:53:31:172, 44, A404, 404, 1, , , Inactive -> Active, A404 - DPIT1103 Differential pressure transmitter - High
2023-10-13 18:53:39:772, 44, A404, 404, 1, , , Active -> Inactive, A404 - DPIT1103 Differential pressure transmitter - High
2023-10-13 18:53:47:172, 44, A404, 404, 1, , , Inactive -> Active, A404 - DPIT1103 Differential pressure transmitter - High
2023-10-13 18:53:48:372, 44, A404, 404, 1, , , Active -> Inactive, A404 - DPIT1103 Differential pressure transmitter - High
2023-10-13 18:54:05:172, 44, A404, 404, 1, , , Inactive -> Active, A404 - DPIT1103 Differential pressure transmitter - High
2023-10-13 18:54:08:972, 44, A404, 404, 1, , , Active -> Inactive, A404 - DPIT1103 Differential pressure transmitter - High
2023-10-13 18:54:25:772, 44, A404, 404, 1, , , Inactive -> Active, A404 - DPIT1103 Differential pressure transmitter - High
2023-10-13 18:54:29:972, 44, A404, 404, 1, , , Active -> Inactive, A404 - DPIT1103 Differential pressure transmitter - High
2023-10-13 18:54:43:172, 44, A404, 404, 1, , , Inactive -> Active, A404 - DPIT1103 Differential pressure transmitter - High
2023-10-13 18:54:45:772, 44, A404, 404, 1, , , Active -> Inactive, A404 - DPIT1103 Differential pressure transmitter - High
2023-10-13 18:54:56:772, 44, A404, 404, 1, , , Inactive -> Active, A404 - DPIT1103 Differential pressure transmitter - High
2023-10-13 18:54:59:572, 44, A404, 404, 1, , , Active -> Inactive, A404 - DPIT1103 Differential pressure transmitter - High
2023-10-13 18:55:04:772, 44, A404, 404, 1, , , Inactive -> Active, A404 - DPIT1103 Differential pressure transmitter - High
2023-10-13 18:55:06:172, 44, A404, 404, 1, , , Active -> Inactive, A404 - DPIT1103 Differential pressure transmitter - High
2023-10-13 18:55:11:372, 44, A404, 404, 1, , , Inactive -> Active, A404 - DPIT1103 Differential pressure transmitter - High
2023-10-13 18:55:20:372, 44, A404, 404, 1, , , Active -> Inactive, A404 - DPIT1103 Differential pressure transmitter - High
2023-10-13 18:55:28:772, 44, A404, 404, 1, , , Inactive -> Active, A404 - DPIT1103 Differential pressure transmitter - High
2023-10-13 18:55:31:972, 44, A404, 404, 1, , , Active -> Inactive, A404 - DPIT1103 Differential pressure transmitter - High
2023-10-13 18:55:37:169, 44, A404, 404, 1, , , Inactive -> Active, A404 - DPIT1103 Differential pressure transmitter - High
2023-10-13 18:55:40:917, 44, A404, 404, 1, , , Active -> Inactive, A404 - DPIT1103 Differential pressure transmitter - High
2023-10-13 18:55:55:917, 44, A404, 404, 1, , , Inactive -> Active, A404 - DPIT1103 Differential pressure transmitter - High
2023-10-13 18:55:59:717, 44, A404, 404, 1, , , Active -> Inactive, A404 - DPIT1103 Differential pressure transmitter - High
2023-10-13 18:56:14:517, 44, A404, 404, 1, , , Inactive -> Active, A404 - DPIT1103 Differential pressure transmitter - High
2023-10-13 18:56:18:117, 44, A404, 404, 1, , , Active -> Inactive, A404 - DPIT1103 Differential pressure transmitter - High
2023-10-13 18:56:23:317, 44, A404, 404, 1, , , Inactive -> Active, A404 - DPIT1103 Differential pressure transmitter - High
2023-10-13 18:56:30:317, 44, A404, 404, 1, , , Active -> Inactive, A404 - DPIT1103 Differential pressure transmitter - High
2023-10-13 18:56:42:317, 44, A404, 404, 1, , , Inactive -> Active, A404 - DPIT1103 Differential pressure transmitter - High
2023-10-13 18:56:58:117, 44, A404, 404, 1, , , Active -> Inactive, A404 - DPIT1103 Differential pressure transmitter - High
2023-10-13 18:57:03:517, 44, A404, 404, 1, , , Inactive -> Active, A404 - DPIT1103 Differential pressure transmitter - High
2023-10-13 18:57:13:117, 44, A404, 404, 1, , , Active -> Inactive, A404 - DPIT1103 Differential pressure transmitter - High
2023-10-13 18:57:25:717, 44, A404, 404, 1, , , Inactive -> Active, A404 - DPIT1103 Differential pressure transmitter - High
2023-10-13 18:57:29:117, 44, A404, 404, 1, , , Active -> Inactive, A404 - DPIT1103 Differential pressure transmitter - High
2023-10-13 18:57:34:917, 44, A404, 404, 1, , , Inactive -> Active, A404 - DPIT1103 Differential pressure transmitter - High
2023-10-13 18:57:46:517, 44, A404, 404, 1, , , Active -> Inactive, A404 - DPIT1103 Differential pressure transmitter - High
2023-10-13 18:57:58:917, 44, A404, 404, 1, , , Inactive -> Active, A404 - DPIT1103 Differential pressure transmitter - High
2023-10-13 18:58:03:717, 44, A404, 404, 1, , , Active -> Inactive, A404 - DPIT1103 Differential pressure transmitter - High
2023-10-13 18:58:08:917, 44, A404, 404, 1, , , Inactive -> Active, A404 - DPIT1103 Differential pressure transmitter - High
2023-10-13 18:58:16:117, 44, A404, 404, 1, , , Active -> Inactive, A404 - DPIT1103 Differential pressure transmitter - High
2023-10-13 18:58:24:717, 44, A404, 404, 1, , , Inactive -> Active, A404 - DPIT1103 Differential pressure transmitter - High
2023-10-13 18:58:34:117, 44, A404, 404, 1, , , Active -> Inactive, A404 - DPIT1103 Differential pressure transmitter - High
2023-10-13 18:58:39:317, 44, A404, 404, 1, , , Inactive -> Active, A404 - DPIT1103 Differential pressure transmitter - High
2023-10-13 18:58:42:717, 44, A404, 404, 1, , , Active -> Inactive, A404 - DPIT1103 Differential pressure transmitter - High
2023-10-13 18:59:01:317, 44, A404, 404, 1, , , Inactive -> Active, A404 - DPIT1103 Differential pressure transmitter - High
2023-10-13 18:59:07:117, 44, A404, 404, 1, , , Active -> Inactive, A404 - DPIT1103 Differential pressure transmitter - High
2023-10-13 18:59:16:517, 44, A404, 404, 1, , , Inactive -> Active, A404 - DPIT1103 Differential pressure transmitter - High
2023-10-13 18:59:24:917, 44, A404, 404, 1, , , Active -> Inactive, A404 - DPIT1103 Differential pressure transmitter - High
2023-10-13 18:59:32:917, 44, A404, 404, 1, , , Inactive -> Active, A404 - DPIT1103 Differential pressure transmitter - High
2023-10-13 18:59:33:917, 44, A404, 404, 1, , , Active -> Inactive, A404 - DPIT1103 Differential pressure transmitter - High
2023-10-13 18:59:42:517, 44, A404, 404, 1, , , Inactive -> Active, A404 - DPIT1103 Differential pressure transmitter - High
2023-10-13 18:59:50:917, 44, A404, 404, 1, , , Active -> Inactive, A404 - DPIT1103 Differential pressure transmitter - High
2023-10-13 19:00:02:917, 44, A404, 404, 1, , , Inactive -> Active, A404 - DPIT1103 Differential pressure transmitter - High
2023-10-13 19:00:12:917, 44, A404, 404, 1, , , Active -> Inactive, A404 - DPIT1103 Differential pressure transmitter - High
2023-10-13 19:00:32:517, 44, A404, 404, 1, , , Inactive -> Active, A404 - DPIT1103 Differential pressure transmitter - High
2023-10-13 19:00:36:917, 44, A404, 404, 1, , , Active -> Inactive, A404 - DPIT1103 Differential pressure transmitter - High
2023-10-13 19:00:42:317, 44, A404, 404, 1, , , Inactive -> Active, A404 - DPIT1103 Differential pressure transmitter - High
2023-10-13 19:00:55:517, 44, A404, 404, 1, , , Active -> Inactive, A404 - DPIT1103 Differential pressure transmitter - High
2023-10-13 19:01:05:917, 44, A404, 404, 1, , , Inactive -> Active, A404 - DPIT1103 Differential pressure transmitter - High
2023-10-13 19:01:06:517, 44, A404, 404, 1, , , Active -> Inactive, A404 - DPIT1103 Differential pressure transmitter - High
2023-10-13 19:01:15:117, 44, A404, 404, 1, , , Inactive -> Active, A404 - DPIT1103 Differential pressure transmitter - High
2023-10-13 19:01:18:517, 44, A404, 404, 1, , , Active -> Inactive, A404 - DPIT1103 Differential pressure transmitter - High
2023-10-13 19:01:23:717, 44, A404, 404, 1, , , Inactive -> Active, A404 - DPIT1103 Differential pressure transmitter - High
2023-10-13 19:01:27:717, 44, A404, 404, 1, , , Active -> Inactive, A404 - DPIT1103 Differential pressure transmitter - High
2023-10-13 19:01:36:917, 44, A404, 404, 1, , , Inactive -> Active, A404 - DPIT1103 Differential pressure transmitter - High
2023-10-13 19:01:37:311, 44, A404, 404, 1, , , Active -> Inactive, A404 - DPIT1103 Differential pressure transmitter - High
2023-10-13 19:01:51:662, 44, A404, 404, 1, , , Inactive -> Active, A404 - DPIT1103 Differential pressure transmitter - High
2023-10-13 19:01:55:062, 44, A404, 404, 1, , , Active -> Inactive, A404 - DPIT1103 Differential pressure transmitter - High
2023-10-13 19:02:03:862, 44, A404, 404, 1, , , Inactive -> Active, A404 - DPIT1103 Differential pressure transmitter - High
2023-10-13 19:02:15:862, 44, A404, 404, 1, , , Active -> Inactive, A404 - DPIT1103 Differential pressure transmitter - High
2023-10-13 19:02:21:262, 44, A404, 404, 1, , , Inactive -> Active, A404 - DPIT1103 Differential pressure transmitter - High
2023-10-13 19:02:24:262, 44, A404, 404, 1, , , Active -> Inactive, A404 - DPIT1103 Differential pressure transmitter - High
2023-10-13 19:02:32:462, 44, A404, 404, 1, , , Inactive -> Active, A404 - DPIT1103 Differential pressure transmitter - High
2023-10-13 19:02:33:462, 44, A404, 404, 1, , , Active -> Inactive, A404 - DPIT1103 Differential pressure transmitter - High
2023-10-13 19:02:39:062, 44, A404, 404, 1, , , Inactive -> Active, A404 - DPIT1103 Differential pressure transmitter - High
2023-10-13 19:02:43:662, 44, A404, 404, 1, , , Active -> Inactive, A404 - DPIT1103 Differential pressure transmitter - High
2023-10-13 19:02:57:062, 44, A404, 404, 1, , , Inactive -> Active, A404 - DPIT1103 Differential pressure transmitter - High
2023-10-13 19:03:00:662, 44, A404, 404, 1, , , Active -> Inactive, A404 - DPIT1103 Differential pressure transmitter - High
2023-10-13 19:03:20:262, 44, A404, 404, 1, , , Inactive -> Active, A404 - DPIT1103 Differential pressure transmitter - High
2023-10-13 19:03:26:262, 44, A404, 404, 1, , , Active -> Inactive, A404 - DPIT1103 Differential pressure transmitter - High
2023-10-13 19:03:38:262, 44, A404, 404, 1, , , Inactive -> Active, A404 - DPIT1103 Differential pressure transmitter - High
2023-10-13 19:03:39:862, 44, A404, 404, 1, , , Active -> Inactive, A404 - DPIT1103 Differential pressure transmitter - High
2023-10-13 19:03:50:062, 44, A404, 404, 1, , , Inactive -> Active, A404 - DPIT1103 Differential pressure transmitter - High
2023-10-13 19:03:51:262, 44, A404, 404, 1, , , Active -> Inactive, A404 - DPIT1103 Differential pressure transmitter - High
2023-10-13 19:03:59:862, 44, A404, 404, 1, , , Inactive -> Active, A404 - DPIT1103 Differential pressure transmitter - High
2023-10-13 19:04:00:138, 44, A404, 404, 1, , , Active -> Inactive, A404 - DPIT1103 Differential pressure transmitter - High
2023-10-13 19:04:05:462, 44, A404, 404, 1, , , Inactive -> Active, A404 - DPIT1103 Differential pressure transmitter - High
2023-10-13 19:04:08:862, 44, A404, 404, 1, , , Active -> Inactive, A404 - DPIT1103 Differential pressure transmitter - High
2023-10-13 19:04:23:462, 44, A404, 404, 1, , , Inactive -> Active, A404 - DPIT1103 Differential pressure transmitter - High
2023-10-13 19:04:29:262, 44, A404, 404, 1, , , Active -> Inactive, A404 - DPIT1103 Differential pressure transmitter - High
2023-10-13 19:04:34:662, 44, A404, 404, 1, , , Inactive -> Active, A404 - DPIT1103 Differential pressure transmitter - High
2023-10-13 19:04:37:862, 44, A404, 404, 1, , , Active -> Inactive, A404 - DPIT1103 Differential pressure transmitter - High
2023-10-13 19:04:43:062, 44, A404, 404, 1, , , Inactive -> Active, A404 - DPIT1103 Differential pressure transmitter - High
2023-10-13 19:04:45:462, 44, A404, 404, 1, , , Active -> Inactive, A404 - DPIT1103 Differential pressure transmitter - High
2023-10-13 19:05:11:662, 44, A404, 404, 1, , , Inactive -> Active, A404 - DPIT1103 Differential pressure transmitter - High
2023-10-13 19:05:16:262, 44, A404, 404, 1, , , Active -> Inactive, A404 - DPIT1103 Differential pressure transmitter - High
2023-10-13 19:05:31:262, 44, A404, 404, 1, , , Inactive -> Active, A404 - DPIT1103 Differential pressure transmitter - High
2023-10-13 19:05:42:462, 44, A404, 404, 1, , , Active -> Inactive, A404 - DPIT1103 Differential pressure transmitter - High
2023-10-13 19:05:47:862, 44, A404, 404, 1, , , Inactive -> Active, A404 - DPIT1103 Differential pressure transmitter - High
2023-10-13 19:05:48:262, 44, A404, 404, 1, , , Active -> Inactive, A404 - DPIT1103 Differential pressure transmitter - High
2023-10-13 19:06:12:662, 44, A404, 404, 1, , , Inactive -> Active, A404 - DPIT1103 Differential pressure transmitter - High
2023-10-13 19:06:21:662, 44, A404, 404, 1, , , Active -> Inactive, A404 - DPIT1103 Differential pressure transmitter - High
2023-10-13 19:06:34:462, 44, A404, 404, 1, , , Inactive -> Active, A404 - DPIT1103 Differential pressure transmitter - High
2023-10-13 19:06:35:462, 44, A404, 404, 1, , , Active -> Inactive, A404 - DPIT1103 Differential pressure transmitter - High
2023-10-13 19:06:40:662, 44, A404, 404, 1, , , Inactive -> Active, A404 - DPIT1103 Differential pressure transmitter - High
2023-10-13 19:06:41:062, 44, A404, 404, 1, , , Active -> Inactive, A404 - DPIT1103 Differential pressure transmitter - High
2023-10-13 19:06:50:862, 44, A404, 404, 1, , , Inactive -> Active, A404 - DPIT1103 Differential pressure transmitter - High
2023-10-13 19:06:56:662, 44, A404, 404, 1, , , Active -> Inactive, A404 - DPIT1103 Differential pressure transmitter - High
2023-10-13 19:07:04:662, 44, A404, 404, 1, , , Inactive -> Active, A404 - DPIT1103 Differential pressure transmitter - High
2023-10-13 19:07:07:262, 44, A404, 404, 1, , , Active -> Inactive, A404 - DPIT1103 Differential pressure transmitter - High
2023-10-13 19:07:15:462, 44, A404, 404, 1, , , Inactive -> Active, A404 - DPIT1103 Differential pressure transmitter - High
2023-10-13 19:07:15:717, 44, A404, 404, 1, , , Active -> Inactive, A404 - DPIT1103 Differential pressure transmitter - High
2023-10-13 19:07:21:062, 44, A404, 404, 1, , , Inactive -> Active, A404 - DPIT1103 Differential pressure transmitter - High
2023-10-13 19:07:22:462, 44, A404, 404, 1, , , Active -> Inactive, A404 - DPIT1103 Differential pressure transmitter - High
2023-10-13 19:07:27:662, 44, A404, 404, 1, , , Inactive -> Active, A404 - DPIT1103 Differential pressure transmitter - High
2023-10-13 19:07:31:862, 44, A404, 404, 1, , , Active -> Inactive, A404 - DPIT1103 Differential pressure transmitter - High
2023-10-13 19:07:50:807, 44, A404, 404, 1, , , Inactive -> Active, A404 - DPIT1103 Differential pressure transmitter - High
2023-10-13 19:07:59:207, 44, A404, 404, 1, , , Active -> Inactive, A404 - DPIT1103 Differential pressure transmitter - High
2023-10-13 19:08:14:807, 44, A404, 404, 1, , , Inactive -> Active, A404 - DPIT1103 Differential pressure transmitter - High
2023-10-13 19:08:16:807, 44, A404, 404, 1, , , Active -> Inactive, A404 - DPIT1103 Differential pressure transmitter - High
2023-10-13 19:08:24:807, 44, A404, 404, 1, , , Inactive -> Active, A404 - DPIT1103 Differential pressure transmitter - High
2023-10-13 19:08:32:607, 44, A404, 404, 1, , , Active -> Inactive, A404 - DPIT1103 Differential pressure transmitter - High
2023-10-13 19:08:37:807, 44, A404, 404, 1, , , Inactive -> Active, A404 - DPIT1103 Differential pressure transmitter - High
2023-10-13 19:08:41:207, 44, A404, 404, 1, , , Active -> Inactive, A404 - DPIT1103 Differential pressure transmitter - High
2023-10-13 19:08:50:207, 44, A404, 404, 1, , , Inactive -> Active, A404 - DPIT1103 Differential pressure transmitter - High
2023-10-13 19:08:57:407, 44, A404, 404, 1, , , Active -> Inactive, A404 - DPIT1103 Differential pressure transmitter - High
2023-10-13 19:09:06:207, 44, A404, 404, 1, , , Inactive -> Active, A404 - DPIT1103 Differential pressure transmitter - High
2023-10-13 19:09:17:407, 44, A404, 404, 1, , , Active -> Inactive, A404 - DPIT1103 Differential pressure transmitter - High
2023-10-13 19:09:22:807, 44, A404, 404, 1, , , Inactive -> Active, A404 - DPIT1103 Differential pressure transmitter - High
2023-10-13 19:09:29:407, 44, A404, 404, 1, , , Active -> Inactive, A404 - DPIT1103 Differential pressure transmitter - High
2023-10-13 19:09:34:807, 44, A404, 404, 1, , , Inactive -> Active, A404 - DPIT1103 Differential pressure transmitter - High
2023-10-13 19:09:35:207, 44, A404, 404, 1, , , Active -> Inactive, A404 - DPIT1103 Differential pressure transmitter - High
2023-10-13 19:09:40:607, 44, A404, 404, 1, , , Inactive -> Active, A404 - DPIT1103 Differential pressure transmitter - High
2023-10-13 19:09:52:607, 44, A404, 404, 1, , , Active -> Inactive, A404 - DPIT1103 Differential pressure transmitter - High
2023-10-13 19:10:04:607, 44, A404, 404, 1, , , Inactive -> Active, A404 - DPIT1103 Differential pressure transmitter - High
2023-10-13 19:10:16:007, 44, A404, 404, 1, , , Active -> Inactive, A404 - DPIT1103 Differential pressure transmitter - High
2023-10-13 19:10:23:207, 44, A404, 404, 1, , , Inactive -> Active, A404 - DPIT1103 Differential pressure transmitter - High
2023-10-13 19:10:24:407, 44, A404, 404, 1, , , Active -> Inactive, A404 - DPIT1103 Differential pressure transmitter - High
2023-10-13 19:10:45:807, 44, A404, 404, 1, , , Inactive -> Active, A404 - DPIT1103 Differential pressure transmitter - High
2023-10-13 19:10:52:207, 44, A404, 404, 1, , , Active -> Inactive, A404 - DPIT1103 Differential pressure transmitter - High
2023-10-13 19:10:57:407, 44, A404, 404, 1, , , Inactive -> Active, A404 - DPIT1103 Differential pressure transmitter - High
2023-10-13 19:11:02:207, 44, A404, 404, 1, , , Active -> Inactive, A404 - DPIT1103 Differential pressure transmitter - High
2023-10-13 19:11:12:407, 44, A404, 404, 1, , , Inactive -> Active, A404 - DPIT1103 Differential pressure transmitter - High
2023-10-13 19:11:24:407, 44, A404, 404, 1, , , Active -> Inactive, A404 - DPIT1103 Differential pressure transmitter - High
2023-10-13 19:11:36:038, 44, A404, 404, 1, , , Inactive -> Active, A404 - DPIT1103 Differential pressure transmitter - High
2023-10-13 19:11:41:407, 44, A404, 404, 1, , , Active -> Inactive, A404 - DPIT1103 Differential pressure transmitter - High
2023-10-13 19:11:54:407, 44, A404, 404, 1, , , Inactive -> Active, A404 - DPIT1103 Differential pressure transmitter - High
2023-10-13 19:12:01:607, 44, A404, 404, 1, , , Active -> Inactive, A404 - DPIT1103 Differential pressure transmitter - High
2023-10-13 19:12:12:607, 44, A404, 404, 1, , , Inactive -> Active, A404 - DPIT1103 Differential pressure transmitter - High
2023-10-13 19:12:22:007, 44, A404, 404, 1, , , Active -> Inactive, A404 - DPIT1103 Differential pressure transmitter - High
2023-10-13 19:12:32:607, 44, A404, 404, 1, , , Inactive -> Active, A404 - DPIT1103 Differential pressure transmitter - High
2023-10-13 19:12:34:407, 44, A404, 404, 1, , , Active -> Inactive, A404 - DPIT1103 Differential pressure transmitter - High
2023-10-13 19:12:39:807, 44, A404, 404, 1, , , Inactive -> Active, A404 - DPIT1103 Differential pressure transmitter - High
2023-10-13 19:12:52:007, 44, A404, 404, 1, , , Active -> Inactive, A404 - DPIT1103 Differential pressure transmitter - High
2023-10-13 19:13:06:207, 44, A404, 404, 1, , , Inactive -> Active, A404 - DPIT1103 Differential pressure transmitter - High
2023-10-13 19:13:13:807, 44, A404, 404, 1, , , Active -> Inactive, A404 - DPIT1103 Differential pressure transmitter - High
2023-10-13 19:13:25:807, 44, A404, 404, 1, , , Inactive -> Active, A404 - DPIT1103 Differential pressure transmitter - High
2023-10-13 19:13:27:407, 44, A404, 404, 1, , , Active -> Inactive, A404 - DPIT1103 Differential pressure transmitter - High
2023-10-13 19:13:32:807, 44, A404, 404, 1, , , Inactive -> Active, A404 - DPIT1103 Differential pressure transmitter - High
2023-10-13 19:13:35:207, 44, A404, 404, 1, , , Active -> Inactive, A404 - DPIT1103 Differential pressure transmitter - High
2023-10-13 19:13:50:952, 44, A404, 404, 1, , , Inactive -> Active, A404 - DPIT1103 Differential pressure transmitter - High
2023-10-13 19:13:51:552, 44, A404, 404, 1, , , Active -> Inactive, A404 - DPIT1103 Differential pressure transmitter - High
2023-10-13 19:14:20:752, 44, A404, 404, 1, , , Inactive -> Active, A404 - DPIT1103 Differential pressure transmitter - High
2023-10-13 19:14:27:952, 44, A404, 404, 1, , , Active -> Inactive, A404 - DPIT1103 Differential pressure transmitter - High
2023-10-13 19:14:33:752, 44, A404, 404, 1, , , Inactive -> Active, A404 - DPIT1103 Differential pressure transmitter - High
2023-10-13 19:14:36:152, 44, A404, 404, 1, , , Active -> Inactive, A404 - DPIT1103 Differential pressure transmitter - High
2023-10-13 19:14:51:152, 44, A404, 404, 1, , , Inactive -> Active, A404 - DPIT1103 Differential pressure transmitter - High
2023-10-13 19:14:54:752, 44, A404, 404, 1, , , Active -> Inactive, A404 - DPIT1103 Differential pressure transmitter - High
2023-10-13 19:15:21:552, 44, A404, 404, 1, , , Inactive -> Active, A404 - DPIT1103 Differential pressure transmitter - High
2023-10-13 19:15:25:152, 44, A404, 404, 1, , , Active -> Inactive, A404 - DPIT1103 Differential pressure transmitter - High
2023-10-13 19:15:35:152, 44, A404, 404, 1, , , Inactive -> Active, A404 - DPIT1103 Differential pressure transmitter - High
2023-10-13 19:15:38:152, 44, A404, 404, 1, , , Active -> Inactive, A404 - DPIT1103 Differential pressure transmitter - High
2023-10-13 19:15:44:152, 44, A404, 404, 1, , , Inactive -> Active, A404 - DPIT1103 Differential pressure transmitter - High
2023-10-13 19:15:56:152, 44, A404, 404, 1, , , Active -> Inactive, A404 - DPIT1103 Differential pressure transmitter - High
2023-10-13 19:16:01:552, 44, A404, 404, 1, , , Inactive -> Active, A404 - DPIT1103 Differential pressure transmitter - High
2023-10-13 19:16:12:352, 44, A404, 404, 1, , , Active -> Inactive, A404 - DPIT1103 Differential pressure transmitter - High
2023-10-13 19:16:21:952, 44, A404, 404, 1, , , Inactive -> Active, A404 - DPIT1103 Differential pressure transmitter - High
2023-10-13 19:16:28:952, 44, A404, 404, 1, , , Active -> Inactive, A404 - DPIT1103 Differential pressure transmitter - High
2023-10-13 19:16:34:352, 44, A404, 404, 1, , , Inactive -> Active, A404 - DPIT1103 Differential pressure transmitter - High
2023-10-13 19:16:43:552, 44, A404, 404, 1, , , Active -> Inactive, A404 - DPIT1103 Differential pressure transmitter - High
2023-10-13 19:16:52:152, 44, A404, 404, 1, , , Inactive -> Active, A404 - DPIT1103 Differential pressure transmitter - High
2023-10-13 19:16:55:752, 44, A404, 404, 1, , , Active -> Inactive, A404 - DPIT1103 Differential pressure transmitter - High
2023-10-13 19:17:05:552, 44, A404, 404, 1, , , Inactive -> Active, A404 - DPIT1103 Differential pressure transmitter - High
2023-10-13 19:17:09:952, 44, A404, 404, 1, , , Active -> Inactive, A404 - DPIT1103 Differential pressure transmitter - High
2023-10-13 19:17:20:552, 44, A404, 404, 1, , , Inactive -> Active, A404 - DPIT1103 Differential pressure transmitter - High
2023-10-13 19:17:23:952, 44, A404, 404, 1, , , Active -> Inactive, A404 - DPIT1103 Differential pressure transmitter - High
2023-10-13 19:17:39:552, 44, A404, 404, 1, , , Inactive -> Active, A404 - DPIT1103 Differential pressure transmitter - High
2023-10-13 19:17:42:352, 44, A404, 404, 1, , , Active -> Inactive, A404 - DPIT1103 Differential pressure transmitter - High
2023-10-13 19:17:52:152, 44, A404, 404, 1, , , Inactive -> Active, A404 - DPIT1103 Differential pressure transmitter - High
2023-10-13 19:17:54:952, 44, A404, 404, 1, , , Active -> Inactive, A404 - DPIT1103 Differential pressure transmitter - High
2023-10-13 19:18:00:352, 44, A404, 404, 1, , , Inactive -> Active, A404 - DPIT1103 Differential pressure transmitter - High
2023-10-13 19:18:07:752, 44, A404, 404, 1, , , Active -> Inactive, A404 - DPIT1103 Differential pressure transmitter - High
2023-10-13 19:18:16:152, 44, A404, 404, 1, , , Inactive -> Active, A404 - DPIT1103 Differential pressure transmitter - High
2023-10-13 19:18:22:952, 44, A404, 404, 1, , , Active -> Inactive, A404 - DPIT1103 Differential pressure transmitter - High
2023-10-13 19:18:30:352, 44, A404, 404, 1, , , Inactive -> Active, A404 - DPIT1103 Differential pressure transmitter - High
2023-10-13 19:18:34:352, 44, A404, 404, 1, , , Active -> Inactive, A404 - DPIT1103 Differential pressure transmitter - High
2023-10-13 19:18:39:752, 44, A404, 404, 1, , , Inactive -> Active, A404 - DPIT1103 Differential pressure transmitter - High
2023-10-13 19:18:40:152, 44, A404, 404, 1, , , Active -> Inactive, A404 - DPIT1103 Differential pressure transmitter - High
2023-10-13 19:18:57:752, 44, A404, 404, 1, , , Inactive -> Active, A404 - DPIT1103 Differential pressure transmitter - High
2023-10-13 19:19:06:952, 44, A404, 404, 1, , , Active -> Inactive, A404 - DPIT1103 Differential pressure transmitter - High
2023-10-13 19:19:18:152, 44, A404, 404, 1, , , Inactive -> Active, A404 - DPIT1103 Differential pressure transmitter - High
2023-10-13 19:19:19:152, 44, A404, 404, 1, , , Active -> Inactive, A404 - DPIT1103 Differential pressure transmitter - High
2023-10-13 19:19:24:552, 44, A404, 404, 1, , , Inactive -> Active, A404 - DPIT1103 Differential pressure transmitter - High
2023-10-13 19:19:26:152, 44, A404, 404, 1, , , Active -> Inactive, A404 - DPIT1103 Differential pressure transmitter - High
2023-10-13 19:19:33:352, 44, A404, 404, 1, , , Inactive -> Active, A404 - DPIT1103 Differential pressure transmitter - High
2023-10-13 19:19:41:097, 44, A404, 404, 1, , , Active -> Inactive, A404 - DPIT1103 Differential pressure transmitter - High
2023-10-13 19:19:46:497, 44, A404, 404, 1, , , Inactive -> Active, A404 - DPIT1103 Differential pressure transmitter - High
2023-10-13 19:19:49:897, 44, A404, 404, 1, , , Active -> Inactive, A404 - DPIT1103 Differential pressure transmitter - High
2023-10-13 19:19:55:097, 44, A404, 404, 1, , , Inactive -> Active, A404 - DPIT1103 Differential pressure transmitter - High
2023-10-13 19:20:14:097, 44, A404, 404, 1, , , Active -> Inactive, A404 - DPIT1103 Differential pressure transmitter - High
2023-10-13 19:20:35:097, 44, A404, 404, 1, , , Inactive -> Active, A404 - DPIT1103 Differential pressure transmitter - High
2023-10-13 19:20:38:697, 44, A404, 404, 1, , , Active -> Inactive, A404 - DPIT1103 Differential pressure transmitter - High
2023-10-13 19:20:43:897, 44, A404, 404, 1, , , Inactive -> Active, A404 - DPIT1103 Differential pressure transmitter - High
2023-10-13 19:20:46:297, 44, A404, 404, 1, , , Active -> Inactive, A404 - DPIT1103 Differential pressure transmitter - High
2023-10-13 19:20:51:697, 44, A404, 404, 1, , , Inactive -> Active, A404 - DPIT1103 Differential pressure transmitter - High
2023-10-13 19:21:16:697, 44, A404, 404, 1, , , Active -> Inactive, A404 - DPIT1103 Differential pressure transmitter - High
2023-10-13 19:21:26:697, 44, A404, 404, 1, , , Inactive -> Active, A404 - DPIT1103 Differential pressure transmitter - High
2023-10-13 19:21:28:297, 44, A404, 404, 1, , , Active -> Inactive, A404 - DPIT1103 Differential pressure transmitter - High
2023-10-13 19:21:37:097, 44, A404, 404, 1, , , Inactive -> Active, A404 - DPIT1103 Differential pressure transmitter - High
2023-10-13 19:21:51:497, 44, A404, 404, 1, , , Active -> Inactive, A404 - DPIT1103 Differential pressure transmitter - High
2023-10-13 19:22:01:497, 44, A404, 404, 1, , , Inactive -> Active, A404 - DPIT1103 Differential pressure transmitter - High
2023-10-13 19:22:04:897, 44, A404, 404, 1, , , Active -> Inactive, A404 - DPIT1103 Differential pressure transmitter - High
2023-10-13 19:22:21:497, 44, A404, 404, 1, , , Inactive -> Active, A404 - DPIT1103 Differential pressure transmitter - High
2023-10-13 19:22:31:722, 44, A404, 404, 1, , , Active -> Inactive, A404 - DPIT1103 Differential pressure transmitter - High
2023-10-13 19:22:41:097, 44, A404, 404, 1, , , Inactive -> Active, A404 - DPIT1103 Differential pressure transmitter - High
2023-10-13 19:22:46:297, 44, A404, 404, 1, , , Active -> Inactive, A404 - DPIT1103 Differential pressure transmitter - High
2023-10-13 19:22:54:697, 44, A404, 404, 1, , , Inactive -> Active, A404 - DPIT1103 Differential pressure transmitter - High
2023-10-13 19:22:55:297, 44, A404, 404, 1, , , Active -> Inactive, A404 - DPIT1103 Differential pressure transmitter - High
2023-10-13 19:23:00:497, 44, A404, 404, 1, , , Inactive -> Active, A404 - DPIT1103 Differential pressure transmitter - High
2023-10-13 19:23:10:297, 44, A404, 404, 1, , , Active -> Inactive, A404 - DPIT1103 Differential pressure transmitter - High
2023-10-13 19:23:17:297, 44, A404, 404, 1, , , Inactive -> Active, A404 - DPIT1103 Differential pressure transmitter - High
2023-10-13 19:23:24:297, 44, A404, 404, 1, , , Active -> Inactive, A404 - DPIT1103 Differential pressure transmitter - High
2023-10-13 19:23:29:697, 44, A404, 404, 1, , , Inactive -> Active, A404 - DPIT1103 Differential pressure transmitter - High
2023-10-13 19:23:33:697, 44, A404, 404, 1, , , Active -> Inactive, A404 - DPIT1103 Differential pressure transmitter - High
2023-10-13 19:23:39:897, 44, A404, 404, 1, , , Inactive -> Active, A404 - DPIT1103 Differential pressure transmitter - High
2023-10-13 19:23:54:897, 44, A404, 404, 1, , , Active -> Inactive, A404 - DPIT1103 Differential pressure transmitter - High
2023-10-13 19:24:03:097, 44, A404, 404, 1, , , Inactive -> Active, A404 - DPIT1103 Differential pressure transmitter - High
2023-10-13 19:24:13:297, 44, A404, 404, 1, , , Active -> Inactive, A404 - DPIT1103 Differential pressure transmitter - High
2023-10-13 19:24:18:697, 44, A404, 404, 1, , , Inactive -> Active, A404 - DPIT1103 Differential pressure transmitter - High
2023-10-13 19:24:19:097, 44, A404, 404, 1, , , Active -> Inactive, A404 - DPIT1103 Differential pressure transmitter - High
2023-10-13 19:24:24:297, 44, A404, 404, 1, , , Inactive -> Active, A404 - DPIT1103 Differential pressure transmitter - High
2023-10-13 19:24:25:297, 44, A404, 404, 1, , , Active -> Inactive, A404 - DPIT1103 Differential pressure transmitter - High
2023-10-13 19:24:30:497, 44, A404, 404, 1, , , Inactive -> Active, A404 - DPIT1103 Differential pressure transmitter - High
2023-10-13 19:24:31:297, 44, A404, 404, 1, , , Active -> Inactive, A404 - DPIT1103 Differential pressure transmitter - High
2023-10-13 19:24:54:497, 44, A404, 404, 1, , , Inactive -> Active, A404 - DPIT1103 Differential pressure transmitter - High
2023-10-13 19:24:59:897, 44, A404, 404, 1, , , Active -> Inactive, A404 - DPIT1103 Differential pressure transmitter - High
2023-10-13 19:25:09:097, 44, A404, 404, 1, , , Inactive -> Active, A404 - DPIT1103 Differential pressure transmitter - High
2023-10-13 19:25:10:697, 44, A404, 404, 1, , , Active -> Inactive, A404 - DPIT1103 Differential pressure transmitter - High
2023-10-13 19:25:15:897, 44, A404, 404, 1, , , Inactive -> Active, A404 - DPIT1103 Differential pressure transmitter - High
2023-10-13 19:25:19:697, 44, A404, 404, 1, , , Active -> Inactive, A404 - DPIT1103 Differential pressure transmitter - High
2023-10-13 19:25:36:497, 44, A404, 404, 1, , , Inactive -> Active, A404 - DPIT1103 Differential pressure transmitter - High
2023-10-13 19:25:42:441, 44, A404, 404, 1, , , Active -> Inactive, A404 - DPIT1103 Differential pressure transmitter - High
2023-10-13 19:25:49:241, 44, A404, 404, 1, , , Inactive -> Active, A404 - DPIT1103 Differential pressure transmitter - High
2023-10-13 19:25:51:641, 44, A404, 404, 1, , , Active -> Inactive, A404 - DPIT1103 Differential pressure transmitter - High
2023-10-13 19:25:57:641, 44, A404, 404, 1, , , Inactive -> Active, A404 - DPIT1103 Differential pressure transmitter - High
2023-10-13 19:26:04:241, 44, A404, 404, 1, , , Active -> Inactive, A404 - DPIT1103 Differential pressure transmitter - High
2023-10-13 19:26:16:441, 44, A404, 404, 1, , , Inactive -> Active, A404 - DPIT1103 Differential pressure transmitter - High
2023-10-13 19:26:24:841, 44, A404, 404, 1, , , Active -> Inactive, A404 - DPIT1103 Differential pressure transmitter - High
2023-10-13 19:26:30:241, 44, A404, 404, 1, , , Inactive -> Active, A404 - DPIT1103 Differential pressure transmitter - High
2023-10-13 19:26:33:841, 44, A404, 404, 1, , , Active -> Inactive, A404 - DPIT1103 Differential pressure transmitter - High
2023-10-13 19:26:39:041, 44, A404, 404, 1, , , Inactive -> Active, A404 - DPIT1103 Differential pressure transmitter - High
2023-10-13 19:26:40:241, 44, A404, 404, 1, , , Active -> Inactive, A404 - DPIT1103 Differential pressure transmitter - High
2023-10-13 19:27:02:041, 44, A404, 404, 1, , , Inactive -> Active, A404 - DPIT1103 Differential pressure transmitter - High
2023-10-13 19:27:04:441, 44, A404, 404, 1, , , Active -> Inactive, A404 - DPIT1103 Differential pressure transmitter - High
2023-10-13 19:27:18:241, 44, A404, 404, 1, , , Inactive -> Active, A404 - DPIT1103 Differential pressure transmitter - High
2023-10-13 19:27:24:441, 44, A404, 404, 1, , , Active -> Inactive, A404 - DPIT1103 Differential pressure transmitter - High
2023-10-13 19:27:42:241, 44, A404, 404, 1, , , Inactive -> Active, A404 - DPIT1103 Differential pressure transmitter - High
2023-10-13 19:27:53:641, 44, A404, 404, 1, , , Active -> Inactive, A404 - DPIT1103 Differential pressure transmitter - High
2023-10-13 19:28:03:041, 44, A404, 404, 1, , , Inactive -> Active, A404 - DPIT1103 Differential pressure transmitter - High
2023-10-13 19:28:18:041, 44, A404, 404, 1, , , Active -> Inactive, A404 - DPIT1103 Differential pressure transmitter - High
2023-10-13 19:28:23:241, 44, A404, 404, 1, , , Inactive -> Active, A404 - DPIT1103 Differential pressure transmitter - High
2023-10-13 19:28:34:041, 44, A404, 404, 1, , , Active -> Inactive, A404 - DPIT1103 Differential pressure transmitter - High
2023-10-13 19:28:46:441, 44, A404, 404, 1, , , Inactive -> Active, A404 - DPIT1103 Differential pressure transmitter - High
2023-10-13 19:28:50:841, 44, A404, 404, 1, , , Active -> Inactive, A404 - DPIT1103 Differential pressure transmitter - High
2023-10-13 19:28:57:441, 44, A404, 404, 1, , , Inactive -> Active, A404 - DPIT1103 Differential pressure transmitter - High
2023-10-13 19:29:09:041, 44, A404, 404, 1, , , Active -> Inactive, A404 - DPIT1103 Differential pressure transmitter - High
2023-10-13 19:29:28:041, 44, A404, 404, 1, , , Inactive -> Active, A404 - DPIT1103 Differential pressure transmitter - High
2023-10-13 19:29:30:241, 44, A404, 404, 1, , , Active -> Inactive, A404 - DPIT1103 Differential pressure transmitter - High
2023-10-13 19:29:37:441, 44, A404, 404, 1, , , Inactive -> Active, A404 - DPIT1103 Differential pressure transmitter - High
2023-10-13 19:29:46:241, 44, A404, 404, 1, , , Active -> Inactive, A404 - DPIT1103 Differential pressure transmitter - High
2023-10-13 19:29:51:641, 44, A404, 404, 1, , , Inactive -> Active, A404 - DPIT1103 Differential pressure transmitter - High
2023-10-13 19:30:06:041, 44, A404, 404, 1, , , Active -> Inactive, A404 - DPIT1103 Differential pressure transmitter - High
2023-10-13 19:30:21:041, 44, A404, 404, 1, , , Inactive -> Active, A404 - DPIT1103 Differential pressure transmitter - High
2023-10-13 19:30:21:299, 44, A404, 404, 1, , , Active -> Inactive, A404 - DPIT1103 Differential pressure transmitter - High
2023-10-13 19:30:39:241, 44, A404, 404, 1, , , Inactive -> Active, A404 - DPIT1103 Differential pressure transmitter - High
2023-10-13 19:30:39:641, 44, A404, 404, 1, , , Active -> Inactive, A404 - DPIT1103 Differential pressure transmitter - High
2023-10-13 19:30:54:841, 44, A404, 404, 1, , , Inactive -> Active, A404 - DPIT1103 Differential pressure transmitter - High
2023-10-13 19:31:00:641, 44, A404, 404, 1, , , Active -> Inactive, A404 - DPIT1103 Differential pressure transmitter - High
2023-10-13 19:31:12:441, 44, A404, 404, 1, , , Inactive -> Active, A404 - DPIT1103 Differential pressure transmitter - High
2023-10-13 19:31:15:441, 44, A404, 404, 1, , , Active -> Inactive, A404 - DPIT1103 Differential pressure transmitter - High
2023-10-13 19:31:20:641, 44, A404, 404, 1, , , Inactive -> Active, A404 - DPIT1103 Differential pressure transmitter - High
2023-10-13 19:31:27:441, 44, A404, 404, 1, , , Active -> Inactive, A404 - DPIT1103 Differential pressure transmitter - High
2023-10-13 19:31:35:241, 44, A404, 404, 1, , , Inactive -> Active, A404 - DPIT1103 Differential pressure transmitter - High
2023-10-13 19:31:44:986, 44, A404, 404, 1, , , Active -> Inactive, A404 - DPIT1103 Differential pressure transmitter - High
2023-10-13 19:31:54:786, 44, A404, 404, 1, , , Inactive -> Active, A404 - DPIT1103 Differential pressure transmitter - High
2023-10-13 19:31:57:386, 44, A404, 404, 1, , , Active -> Inactive, A404 - DPIT1103 Differential pressure transmitter - High
2023-10-13 19:32:02:986, 44, A404, 404, 1, , , Inactive -> Active, A404 - DPIT1103 Differential pressure transmitter - High
2023-10-13 19:32:03:386, 44, A404, 404, 1, , , Active -> Inactive, A404 - DPIT1103 Differential pressure transmitter - High
2023-10-13 19:32:08:586, 44, A404, 404, 1, , , Inactive -> Active, A404 - DPIT1103 Differential pressure transmitter - High
2023-10-13 19:32:12:186, 44, A404, 404, 1, , , Active -> Inactive, A404 - DPIT1103 Differential pressure transmitter - High
2023-10-13 19:32:21:586, 44, A404, 404, 1, , , Inactive -> Active, A404 - DPIT1103 Differential pressure transmitter - High
2023-10-13 19:32:38:786, 44, A404, 404, 1, , , Active -> Inactive, A404 - DPIT1103 Differential pressure transmitter - High
2023-10-13 19:32:44:186, 44, A404, 404, 1, , , Inactive -> Active, A404 - DPIT1103 Differential pressure transmitter - High
2023-10-13 19:32:45:786, 44, A404, 404, 1, , , Active -> Inactive, A404 - DPIT1103 Differential pressure transmitter - High
2023-10-13 19:32:54:786, 44, A404, 404, 1, , , Inactive -> Active, A404 - DPIT1103 Differential pressure transmitter - High
2023-10-13 19:33:00:986, 44, A404, 404, 1, , , Active -> Inactive, A404 - DPIT1103 Differential pressure transmitter - High
2023-10-13 19:33:09:386, 44, A404, 404, 1, , , Inactive -> Active, A404 - DPIT1103 Differential pressure transmitter - High
2023-10-13 19:33:09:654, 44, A404, 404, 1, , , Active -> Inactive, A404 - DPIT1103 Differential pressure transmitter - High
2023-10-13 19:33:14:986, 44, A404, 404, 1, , , Inactive -> Active, A404 - DPIT1103 Differential pressure transmitter - High
2023-10-13 19:33:15:386, 44, A404, 404, 1, , , Active -> Inactive, A404 - DPIT1103 Differential pressure transmitter - High
2023-10-13 19:33:26:586, 44, A404, 404, 1, , , Inactive -> Active, A404 - DPIT1103 Differential pressure transmitter - High
2023-10-13 19:33:29:986, 44, A404, 404, 1, , , Active -> Inactive, A404 - DPIT1103 Differential pressure transmitter - High
2023-10-13 19:33:38:186, 44, A404, 404, 1, , , Inactive -> Active, A404 - DPIT1103 Differential pressure transmitter - High
2023-10-13 19:33:42:186, 44, A404, 404, 1, , , Active -> Inactive, A404 - DPIT1103 Differential pressure transmitter - High
2023-10-13 19:33:48:386, 44, A404, 404, 1, , , Inactive -> Active, A404 - DPIT1103 Differential pressure transmitter - High
2023-10-13 19:33:53:786, 44, A404, 404, 1, , , Active -> Inactive, A404 - DPIT1103 Differential pressure transmitter - High
2023-10-13 19:33:58:986, 44, A404, 404, 1, , , Inactive -> Active, A404 - DPIT1103 Differential pressure transmitter - High
2023-10-13 19:34:05:786, 44, A404, 404, 1, , , Active -> Inactive, A404 - DPIT1103 Differential pressure transmitter - High
2023-10-13 19:34:11:986, 44, A404, 404, 1, , , Inactive -> Active, A404 - DPIT1103 Differential pressure transmitter - High
2023-10-13 19:34:12:986, 44, A404, 404, 1, , , Active -> Inactive, A404 - DPIT1103 Differential pressure transmitter - High
2023-10-13 19:34:18:186, 44, A404, 404, 1, , , Inactive -> Active, A404 - DPIT1103 Differential pressure transmitter - High
2023-10-13 19:34:25:786, 44, A404, 404, 1, , , Active -> Inactive, A404 - DPIT1103 Differential pressure transmitter - High
2023-10-13 19:34:34:986, 44, A404, 404, 1, , , Inactive -> Active, A404 - DPIT1103 Differential pressure transmitter - High
2023-10-13 19:34:37:786, 44, A404, 404, 1, , , Active -> Inactive, A404 - DPIT1103 Differential pressure transmitter - High
2023-10-13 19:34:45:586, 44, A404, 404, 1, , , Inactive -> Active, A404 - DPIT1103 Differential pressure transmitter - High
2023-10-13 19:34:48:186, 44, A404, 404, 1, , , Active -> Inactive, A404 - DPIT1103 Differential pressure transmitter - High
2023-10-13 19:34:57:986, 44, A404, 404, 1, , , Inactive -> Active, A404 - DPIT1103 Differential pressure transmitter - High
2023-10-13 19:35:00:386, 44, A404, 404, 1, , , Active -> Inactive, A404 - DPIT1103 Differential pressure transmitter - High
2023-10-13 19:35:05:586, 44, A404, 404, 1, , , Inactive -> Active, A404 - DPIT1103 Differential pressure transmitter - High
2023-10-13 19:35:10:586, 44, A404, 404, 1, , , Active -> Inactive, A404 - DPIT1103 Differential pressure transmitter - High
2023-10-13 19:35:18:786, 44, A404, 404, 1, , , Inactive -> Active, A404 - DPIT1103 Differential pressure transmitter - High
2023-10-13 19:35:19:386, 44, A404, 404, 1, , , Active -> Inactive, A404 - DPIT1103 Differential pressure transmitter - High
2023-10-13 19:35:27:586, 44, A404, 404, 1, , , Inactive -> Active, A404 - DPIT1103 Differential pressure transmitter - High
2023-10-13 19:35:36:586, 44, A404, 404, 1, , , Active -> Inactive, A404 - DPIT1103 Differential pressure transmitter - High
2023-10-13 19:35:41:986, 44, A404, 404, 1, , , Inactive -> Active, A404 - DPIT1103 Differential pressure transmitter - High
2023-10-13 19:35:54:586, 44, A404, 404, 1, , , Active -> Inactive, A404 - DPIT1103 Differential pressure transmitter - High
2023-10-13 19:36:01:186, 44, A404, 404, 1, , , Inactive -> Active, A404 - DPIT1103 Differential pressure transmitter - High
2023-10-13 19:36:07:786, 44, A404, 404, 1, , , Active -> Inactive, A404 - DPIT1103 Differential pressure transmitter - High
2023-10-13 19:36:13:786, 44, A404, 404, 1, , , Inactive -> Active, A404 - DPIT1103 Differential pressure transmitter - High
2023-10-13 19:36:21:186, 44, A404, 404, 1, , , Active -> Inactive, A404 - DPIT1103 Differential pressure transmitter - High
2023-10-13 19:36:26:586, 44, A404, 404, 1, , , Inactive -> Active, A404 - DPIT1103 Differential pressure transmitter - High
2023-10-13 19:36:27:186, 44, A404, 404, 1, , , Active -> Inactive, A404 - DPIT1103 Differential pressure transmitter - High
2023-10-13 19:36:32:386, 44, A404, 404, 1, , , Inactive -> Active, A404 - DPIT1103 Differential pressure transmitter - High
2023-10-13 19:37:09:986, 44, A404, 404, 1, , , Active -> Inactive, A404 - DPIT1103 Differential pressure transmitter - High
2023-10-13 19:37:16:986, 44, A404, 404, 1, , , Inactive -> Active, A404 - DPIT1103 Differential pressure transmitter - High
2023-10-13 19:37:24:186, 44, A404, 404, 1, , , Active -> Inactive, A404 - DPIT1103 Differential pressure transmitter - High
2023-10-13 19:37:29:586, 44, A404, 404, 1, , , Inactive -> Active, A404 - DPIT1103 Differential pressure transmitter - High
2023-10-13 19:37:35:786, 44, A404, 404, 1, , , Active -> Inactive, A404 - DPIT1103 Differential pressure transmitter - High
2023-10-13 19:37:41:131, 44, A404, 404, 1, , , Inactive -> Active, A404 - DPIT1103 Differential pressure transmitter - High
2023-10-13 19:37:44:931, 44, A404, 404, 1, , , Active -> Inactive, A404 - DPIT1103 Differential pressure transmitter - High
2023-10-13 19:37:56:531, 44, A404, 404, 1, , , Inactive -> Active, A404 - DPIT1103 Differential pressure transmitter - High
2023-10-13 19:38:03:531, 44, A404, 404, 1, , , Active -> Inactive, A404 - DPIT1103 Differential pressure transmitter - High
2023-10-13 19:38:17:331, 44, A404, 404, 1, , , Inactive -> Active, A404 - DPIT1103 Differential pressure transmitter - High
2023-10-13 19:38:20:531, 44, A404, 404, 1, , , Active -> Inactive, A404 - DPIT1103 Differential pressure transmitter - High
2023-10-13 19:38:35:131, 44, A404, 404, 1, , , Inactive -> Active, A404 - DPIT1103 Differential pressure transmitter - High
2023-10-13 19:38:35:931, 44, A404, 404, 1, , , Active -> Inactive, A404 - DPIT1103 Differential pressure transmitter - High
2023-10-13 19:38:42:731, 44, A404, 404, 1, , , Inactive -> Active, A404 - DPIT1103 Differential pressure transmitter - High
2023-10-13 19:38:45:931, 44, A404, 404, 1, , , Active -> Inactive, A404 - DPIT1103 Differential pressure transmitter - High
2023-10-13 19:38:56:331, 44, A404, 404, 1, , , Inactive -> Active, A404 - DPIT1103 Differential pressure transmitter - High
2023-10-13 19:38:59:731, 44, A404, 404, 1, , , Active -> Inactive, A404 - DPIT1103 Differential pressure transmitter - High
2023-10-13 19:39:08:131, 44, A404, 404, 1, , , Inactive -> Active, A404 - DPIT1103 Differential pressure transmitter - High
2023-10-13 19:39:08:531, 44, A404, 404, 1, , , Active -> Inactive, A404 - DPIT1103 Differential pressure transmitter - High
2023-10-13 19:39:13:731, 44, A404, 404, 1, , , Inactive -> Active, A404 - DPIT1103 Differential pressure transmitter - High
2023-10-13 19:39:29:131, 44, A404, 404, 1, , , Active -> Inactive, A404 - DPIT1103 Differential pressure transmitter - High
2023-10-13 19:39:34:531, 44, A404, 404, 1, , , Inactive -> Active, A404 - DPIT1103 Differential pressure transmitter - High
2023-10-13 19:39:38:331, 44, A404, 404, 1, , , Active -> Inactive, A404 - DPIT1103 Differential pressure transmitter - High
2023-10-13 19:39:43:931, 44, A404, 404, 1, , , Inactive -> Active, A404 - DPIT1103 Differential pressure transmitter - High
2023-10-13 19:39:59:731, 44, A404, 404, 1, , , Active -> Inactive, A404 - DPIT1103 Differential pressure transmitter - High
2023-10-13 19:40:09:331, 44, A404, 404, 1, , , Inactive -> Active, A404 - DPIT1103 Differential pressure transmitter - High
2023-10-13 19:40:17:331, 44, A404, 404, 1, , , Active -> Inactive, A404 - DPIT1103 Differential pressure transmitter - High
2023-10-13 19:40:29:731, 44, A404, 404, 1, , , Inactive -> Active, A404 - DPIT1103 Differential pressure transmitter - High
2023-10-13 19:40:32:931, 44, A404, 404, 1, , , Active -> Inactive, A404 - DPIT1103 Differential pressure transmitter - High
2023-10-13 19:40:42:131, 44, A404, 404, 1, , , Inactive -> Active, A404 - DPIT1103 Differential pressure transmitter - High
2023-10-13 19:40:48:331, 44, A404, 404, 1, , , Active -> Inactive, A404 - DPIT1103 Differential pressure transmitter - High
2023-10-13 19:43:34:131, 44, A404, 404, 1, , , Inactive -> Active, A404 - DPIT1103 Differential pressure transmitter - High
2023-10-13 19:43:37:305, 44, A404, 404, 1, , , Active -> Inactive, A404 - DPIT1103 Differential pressure transmitter - High
2023-10-13 19:43:55:476, 44, A404, 404, 1, , , Inactive -> Active, A404 - DPIT1103 Differential pressure transmitter - High
2023-10-13 19:43:59:076, 44, A404, 404, 1, , , Active -> Inactive, A404 - DPIT1103 Differential pressure transmitter - High
2023-10-13 19:44:18:876, 44, A404, 404, 1, , , Inactive -> Active, A404 - DPIT1103 Differential pressure transmitter - High
2023-10-13 19:44:19:476, 44, A404, 404, 1, , , Active -> Inactive, A404 - DPIT1103 Differential pressure transmitter - High
2023-10-13 19:47:09:582, 44, A404, 404, 1, , , Unacknowledged -> Acknowledged, A404 - DPIT1103 Differential pressure transmitter - High
2023-10-14 00:23:39:544, 45, A093, 93, 1, , , Inactive -> Active, A093 - Tank not ready
2023-10-14 00:24:00:467, 45, A093, 93, 1, , , Unacknowledged -> Acknowledged, A093 - Tank not ready
2023-10-16 14:55:33:409, 45, A093, 93, 1, , , Active -> Inactive, A093 - Tank not ready
2023-10-17 00:11:55:959, 46, A093, 93, 1, , , Inactive -> Active, A093 - Tank not ready
2023-10-19 14:19:21:053, 46, A093, 93, 1, , , Unacknowledged -> Acknowledged, A093 - Tank not ready
2023-10-19 14:20:43:289, 46, A093, 93, 1, , , Active -> Inactive, A093 - Tank not ready
2023-10-19 23:07:48:462, 47, A093, 93, 1, , , Inactive -> Active, A093 - Tank not ready
2023-10-20 14:02:32:502, 47, A093, 93, 1, , , Active -> Inactive, A093 - Tank not ready
2023-10-20 14:08:22:125, 47, A093, 93, 1, , , Unacknowledged -> Acknowledged, A093 - Tank not ready
2023-10-25 16:06:23:405, 48, A093, 93, 1, , , Inactive -> Active, A093 - Tank not ready
2023-10-26 04:03:50:709, 49, A075, 75, 1, , , Inactive -> Active, A075 - Local panel lost
2023-10-26 04:04:20:283, 49, A075, 75, 1, , , Active -> Inactive, A075 - Local panel lost
2023-10-26 04:07:59:052, 49, A075, 75, 1, , , Unacknowledged -> Acknowledged, A075 - Local panel lost
2023-10-26 04:07:59:052, 48, A093, 93, 1, , , Unacknowledged -> Acknowledged, A093 - Tank not ready
2023-10-29 13:13:28:901, 50, A702, 702, 1, , , Inactive -> Active, A702 - PIT9001 Pressure transmitter - Low
2023-10-29 13:13:31:301, 50, A702, 702, 1, , , Active -> Inactive, A702 - PIT9001 Pressure transmitter - Low
2023-10-29 13:14:28:503, 50, A702, 702, 1, , , Unacknowledged -> Acknowledged, A702 - PIT9001 Pressure transmitter - Low
2023-10-30 14:46:29:712, 51, A702, 702, 1, , , Inactive -> Active, A702 - PIT9001 Pressure transmitter - Low
2023-10-30 14:46:37:512, 52, A701, 701, 1, , , Inactive -> Active, A701 - PIT9001 Pressure transmitter - Low Low
2023-10-30 14:48:15:312, 53, A539, 539, 1, , , Inactive -> Active, A539 - XV6001 Pneumatic valve - Position failure
2023-10-30 14:48:30:112, 54, A653, 653, 1, , , Inactive -> Active, A653 - XV1102 Pneumatic valve - Position failure
2023-10-30 14:54:54:257, 54, A653, 653, 1, , , Active -> Inactive, A653 - XV1102 Pneumatic valve - Position failure
2023-10-30 14:54:54:459, 53, A539, 539, 1, , , Active -> Inactive, A539 - XV6001 Pneumatic valve - Position failure
2023-10-30 14:54:56:657, 52, A701, 701, 1, , , Active -> Inactive, A701 - PIT9001 Pressure transmitter - Low Low
2023-10-30 14:54:59:057, 51, A702, 702, 1, , , Active -> Inactive, A702 - PIT9001 Pressure transmitter - Low
2023-10-30 14:55:09:295, 54, A653, 653, 1, , , Unacknowledged -> Acknowledged, A653 - XV1102 Pneumatic valve - Position failure
2023-10-30 14:55:09:295, 53, A539, 539, 1, , , Unacknowledged -> Acknowledged, A539 - XV6001 Pneumatic valve - Position failure
2023-10-30 14:55:09:295, 52, A701, 701, 1, , , Unacknowledged -> Acknowledged, A701 - PIT9001 Pressure transmitter - Low Low
2023-10-30 14:55:09:295, 51, A702, 702, 1, , , Unacknowledged -> Acknowledged, A702 - PIT9001 Pressure transmitter - Low
2023-10-31 20:31:47:663, 48, A093, 93, 1, , , Active -> Inactive, A093 - Tank not ready
2023-11-03 21:50:32:240, 55, A195, 195, 1, , , Inactive -> Active, A195 - TIT1004 Temperature transmitter - High
2023-11-03 21:50:56:040, 55, A195, 195, 1, , , Active -> Inactive, A195 - TIT1004 Temperature transmitter - High
2023-11-03 21:51:37:811, 55, A195, 195, 1, , , Unacknowledged -> Acknowledged, A195 - TIT1004 Temperature transmitter - High
2023-11-03 22:09:12:222, 56, A195, 195, 1, , , Inactive -> Active, A195 - TIT1004 Temperature transmitter - High
2023-11-03 22:09:42:422, 56, A195, 195, 1, , , Active -> Inactive, A195 - TIT1004 Temperature transmitter - High
2023-11-03 22:10:03:198, 56, A195, 195, 1, , , Unacknowledged -> Acknowledged, A195 - TIT1004 Temperature transmitter - High
2023-11-03 22:16:02:367, 57, A195, 195, 1, , , Inactive -> Active, A195 - TIT1004 Temperature transmitter - High
2023-11-03 22:16:27:367, 57, A195, 195, 1, , , Active -> Inactive, A195 - TIT1004 Temperature transmitter - High
2023-11-03 22:23:49:291, 57, A195, 195, 1, , , Unacknowledged -> Acknowledged, A195 - TIT1004 Temperature transmitter - High
2023-11-04 13:22:15:903, 58, A093, 93, 1, , , Inactive -> Active, A093 - Tank not ready
2023-11-04 13:24:29:203, 58, A093, 93, 1, , , Unacknowledged -> Acknowledged, A093 - Tank not ready
2023-11-05 18:06:51:808, 59, A702, 702, 1, , , Inactive -> Active, A702 - PIT9001 Pressure transmitter - Low
2023-11-05 18:07:35:208, 59, A702, 702, 1, , , Active -> Inactive, A702 - PIT9001 Pressure transmitter - Low
2023-11-05 18:16:59:520, 59, A702, 702, 1, , , Unacknowledged -> Acknowledged, A702 - PIT9001 Pressure transmitter - Low