<?xml version="1.0" encoding="UTF-8"?>
<DATA>
	<Element Name="MpRecipe.Header" Type="HeaderData">
		<Property ID="Name" DataType="STRING" Value="LPG_OperatingFile" />
		<Property ID="Description" DataType="STRING" Value="Module serial number: FM 22 M 0092" />
		<Property ID="Version" DataType="STRING" Value="SW: V00.00.26" />
		<Property ID="Created" DataType="UDINT" Value="1699230666" />
		<Property ID="CreatedReadable" DataType="STRING" Value="2023-11-06 00:31:06" />
	</Element>
	<Element Name="LPG:Operatings" Type="PvParameter">
		<Group ID="LPG:Operatings">
			<Group ID="LPG">
				<Group ID="MachineStopped">
					<Property ID="min" DataType="USINT" Value="40" />
					<Property ID="h" DataType="UDINT" Value="1095" />
				</Group>
				<Group ID="MachineStandbyStart">
					<Property ID="min" DataType="USINT" Value="59" />
					<Property ID="h" DataType="UDINT" Value="2" />
				</Group>
				<Group ID="MachineRunning">
					<Property ID="min" DataType="USINT" Value="48" />
					<Property ID="h" DataType="UDINT" Value="135" />
				</Group>
				<Group ID="MachineEmergency">
					<Property ID="min" DataType="USINT" Value="16" />
					<Property ID="h" DataType="UDINT" Value="0" />
				</Group>
				<Group ID="MachineOn">
					<Property ID="min" DataType="USINT" Value="15" />
					<Property ID="h" DataType="UDINT" Value="1261" />
				</Group>
			</Group>
			<Group ID="LP">
				<Property ID="CountXV1002A" DataType="UDINT" Value="1044" />
				<Property ID="CountXV1002B" DataType="UDINT" Value="0" />
				<Property ID="CountXV1003A" DataType="UDINT" Value="19826" />
				<Property ID="CountXV1003B" DataType="UDINT" Value="0" />
				<Property ID="CountXV1004A" DataType="UDINT" Value="0" />
				<Property ID="CountXV1004B" DataType="UDINT" Value="0" />
				<Group ID="RuntimeP1001ASero">
					<Property ID="min" DataType="USINT" Value="0" />
					<Property ID="h" DataType="UDINT" Value="0" />
				</Group>
				<Group ID="RuntimeP1001BSero">
					<Property ID="min" DataType="USINT" Value="0" />
					<Property ID="h" DataType="UDINT" Value="0" />
				</Group>
				<Group ID="RuntimeP1001ASvane">
					<Property ID="min" DataType="USINT" Value="13" />
					<Property ID="h" DataType="UDINT" Value="163" />
				</Group>
				<Group ID="RuntimeP1001BSvane">
					<Property ID="min" DataType="USINT" Value="0" />
					<Property ID="h" DataType="UDINT" Value="0" />
				</Group>
				<Group ID="RuntimeFV1001A">
					<Property ID="min" DataType="USINT" Value="15" />
					<Property ID="h" DataType="UDINT" Value="1261" />
				</Group>
				<Group ID="RuntimeFV1001B">
					<Property ID="min" DataType="USINT" Value="0" />
					<Property ID="h" DataType="UDINT" Value="0" />
				</Group>
				<Group ID="RuntimePV1001">
					<Property ID="min" DataType="USINT" Value="15" />
					<Property ID="h" DataType="UDINT" Value="1261" />
				</Group>
			</Group>
			<Group ID="HP">
				<Property ID="CountXV1101" DataType="UDINT" Value="122" />
				<Group ID="RuntimeFV1101">
					<Property ID="min" DataType="USINT" Value="15" />
					<Property ID="h" DataType="UDINT" Value="1261" />
				</Group>
				<Group ID="RuntimeP1101BSero">
					<Property ID="min" DataType="USINT" Value="0" />
					<Property ID="h" DataType="UDINT" Value="0" />
				</Group>
				<Group ID="RuntimeP1101ASero">
					<Property ID="min" DataType="USINT" Value="0" />
					<Property ID="h" DataType="UDINT" Value="0" />
				</Group>
				<Group ID="RuntimeP1101BSvane">
					<Property ID="min" DataType="USINT" Value="0" />
					<Property ID="h" DataType="UDINT" Value="0" />
				</Group>
				<Group ID="RuntimeP1101ASvane">
					<Property ID="min" DataType="USINT" Value="15" />
					<Property ID="h" DataType="UDINT" Value="162" />
				</Group>
			</Group>
			<Group ID="GW">
				<Group ID="RuntimeP4001A">
					<Property ID="min" DataType="USINT" Value="28" />
					<Property ID="h" DataType="UDINT" Value="163" />
				</Group>
				<Group ID="RuntimeP4001B">
					<Property ID="min" DataType="USINT" Value="0" />
					<Property ID="h" DataType="UDINT" Value="0" />
				</Group>
				<Property ID="CountPV4001" DataType="UDINT" Value="0" />
				<Property ID="CountXV6001" DataType="UDINT" Value="32" />
				<Group ID="RuntimeTV4001">
					<Property ID="min" DataType="USINT" Value="15" />
					<Property ID="h" DataType="UDINT" Value="1261" />
				</Group>
				<Group ID="RuntimeTV6001">
					<Property ID="min" DataType="USINT" Value="15" />
					<Property ID="h" DataType="UDINT" Value="1261" />
				</Group>
			</Group>
			<Group ID="RT">
				<Property ID="CountXV1001" DataType="UDINT" Value="2562" />
				<Property ID="CountXV1102" DataType="UDINT" Value="148" />
				<Group ID="RuntimePV1002">
					<Property ID="min" DataType="USINT" Value="15" />
					<Property ID="h" DataType="UDINT" Value="1261" />
				</Group>
				<Group ID="RuntimePV1003">
					<Property ID="min" DataType="USINT" Value="15" />
					<Property ID="h" DataType="UDINT" Value="1261" />
				</Group>
			</Group>
		</Group>
	</Element>
</DATA>
